experiment_id,geometry,mode,k_min,k_max,n_cells,CP,MPIW,CP_Ankara,CP_Antalya,CP_Konya,CP_Rize,CP_Van,CP_AprMay,max_city_deviation,reliability
abl_loss_huber_s42_b1,exchangeable,none,1.0,1.0,0,0.8001875009119694,340.2512512207031,0.8106973247520032,0.8288643965564512,0.8267985742343784,0.704036785344955,0.8289143226176808,0.7932697785711573,0.245963214655045,0.14981249908803052
abl_loss_huber_s42_b1,exchangeable,global,1.5187592506408691,1.5187592506408691,1,0.9502611880407978,516.7598266601562,0.9558648257146525,0.9589113706567235,0.9555903106132247,0.922551336977397,0.9579506314580941,0.9522009951004595,0.02744866302260296,0.0002611880407978884
abl_loss_huber_s42_b1,exchangeable,per_horizon,1.3698644638061523,1.5957422256469727,24,0.9503195540834343,515.49072265625,0.955534774556723,0.9590210378168924,0.9556084963992144,0.9234377308317329,0.9575739092996556,0.9519731094990315,0.026562269168267094,0.0003195540834343147
abl_loss_huber_s42_b1,exchangeable,per_city,1.470970630645752,1.6413817405700684,5,0.9500933856682182,513.09375,0.948677044941966,0.9487306026210451,0.9503709900341892,0.952448663022603,0.9502547359357061,0.9521060427665312,0.002448663022603048,9.338566821825989e-05
abl_loss_huber_s42_b1,exchangeable,city_horizon,1.348325252532959,1.8191494941711426,120,0.9507828345468606,512.9183349609375,0.9496488622403139,0.949205826981777,0.9508801920419,0.953353523415571,0.9508467278989667,0.952580804436173,0.003353523415571047,0.0007828345468606779
abl_loss_huber_s42_b1,exchangeable,per_season,1.1827988624572754,1.6279469728469849,4,0.9507901303021902,484.0979309082031,0.9601371545922951,0.9611229917201294,0.9591729104531898,0.9115083468754617,0.9613949483352469,0.9575183258004482,0.03849165312453828,0.0007901303021902173
abl_loss_huber_s42_b1,exchangeable,city_season,1.013403058052063,1.6879314184188843,20,0.9505566661316446,472.6797790527344,0.9506940242404239,0.948968214801411,0.9509165636138794,0.9521531984044911,0.9500753444316877,0.9580880398040184,0.00215319840449113,0.0005566661316446231
abl_loss_huber_s42_b1,temporal,none,1.0,1.0,0,0.7234137397389315,255.5753936767578,0.73790017645576,0.7442902392264733,0.7337806203494691,0.649224556429093,0.7499058616794276,,0.3007754435709069,0.22658626026106843
abl_loss_huber_s42_b1,temporal,global,1.3875032663345337,1.3875032663345337,1,0.877342383259319,354.6116943359375,0.8901562893874464,0.8844086021505376,0.8804656801270797,0.8469089659320359,0.8840006694280574,,0.10309103406796405,0.07265761674068094
abl_loss_huber_s42_b1,temporal,per_horizon,1.249778389930725,1.4719749689102173,24,0.8771321154622527,354.197021484375,0.8906604487017897,0.8840543469200633,0.8791489005935959,0.8471882115392877,0.8838542320405004,,0.10281178846071226,0.07286788453774729
abl_loss_huber_s42_b1,temporal,per_city,1.267031192779541,1.6009280681610107,5,0.868220966222581,345.39019775390625,0.8792328375766743,0.8355838959739935,0.8398336259510074,0.9345706061777721,0.8538136479645203,,0.11441610402600644,0.08177903377741891
abl_loss_huber_s42_b1,temporal,city_horizon,1.1770511865615845,1.7405110597610474,120,0.8683303054770556,345.57708740234375,0.8784765986051593,0.8350212553138284,0.8412131092718,0.9348713322163509,0.854001924605665,,0.11497874468617153,0.08166969452294437
abl_loss_huber_s42_b1,temporal,per_season,1.3875032663345337,1.5263599157333374,3,0.8958375386892746,371.92864990234375,0.9060793210654566,0.9023505876469117,0.8964133433659393,0.8717618249774456,0.9019706288439814,,0.07823817502255437,0.05416246131072533
abl_loss_huber_s42_b1,temporal,city_season,1.2665762901306152,1.7020291090011597,15,0.8910938971874579,366.8426818847656,0.9076758255608772,0.8794698674668667,0.8913552378563665,0.8984834815483095,0.8787916823563867,,0.07120831764361324,0.05890610281254205
abl_loss_huber_s42_b1,season_balanced,none,1.0,1.0,0,0.7977180379267125,341.4498596191406,0.8122265098502612,0.8344761128201327,0.8274297936680619,0.7004683097934586,0.8129723383960672,0.7460472102133188,0.2495316902065413,0.15228196207328748
abl_loss_huber_s42_b1,season_balanced,global,1.508257269859314,1.508257269859314,1,0.9456980282398353,514.9942016601562,0.9547829619098613,0.9583225232571069,0.9541238729187026,0.913148123962162,0.947795142710397,0.9323915646755566,0.036851876037837905,0.004301971760164669
abl_loss_huber_s42_b1,season_balanced,per_horizon,1.3608781099319458,1.5894654989242554,24,0.9457534874606701,514.000732421875,0.9548752792599842,0.9582113339016345,0.9545110910331348,0.9133347015691177,0.9475199941301636,0.9322088940307293,0.03666529843088229,0.004246512539329839
abl_loss_huber_s42_b1,season_balanced,per_city,1.4401692152023315,1.6086469888687134,5,0.9450288203084272,511.0769348144531,0.9516810989457358,0.950539268374041,0.9521324654730514,0.9398100639961192,0.9310294225548463,0.9299965495544866,0.018970577445153625,0.004971179691572791
abl_loss_huber_s42_b1,season_balanced,city_horizon,1.3193957805633545,1.7454617023468018,120,0.9456869363956683,511.1172180175781,0.952382710806669,0.9517994144027279,0.9529253406597459,0.9415452357408064,0.9298554552791841,0.9305445614889687,0.020144544720815838,0.004313063604331702
abl_loss_huber_s42_b1,season_balanced,per_season,1.1028391122817993,1.574914813041687,4,0.9327390569714089,452.3852844238281,0.9457358615978287,0.9490567436344094,0.944019324027806,0.8842845681661287,0.9400909824638638,0.9349895471797682,0.0657154318338713,0.017260943028591047
abl_loss_huber_s42_b1,season_balanced,city_season,0.8409216403961182,1.637933373451233,20,0.9290491701451923,434.7822265625,0.9267923413526338,0.9414032096660613,0.9218003798425313,0.9326081683676325,0.9227749651478465,0.9336905559276625,0.028199620157468686,0.020950829854807673
abl_loss_huber_s42_b1,production_like,none,1.0,1.0,0,0.7982461824229465,343.69970703125,0.8024416628032761,0.832877601149372,0.8300190346492518,0.6992342795266455,0.8262984033767664,0.790506631325583,0.25076572047335444,0.15175381757705342
abl_loss_huber_s42_b1,production_like,global,1.5191442966461182,1.5191442966461182,1,0.9503691841539311,522.1295166015625,0.9547056096430228,0.9610233118598508,0.9582630495674647,0.9212777476989713,0.9564904875512327,0.9513735273195022,0.02872225230102865,0.000369184153931168
abl_loss_huber_s42_b1,production_like,per_horizon,1.3815778493881226,1.6057356595993042,24,0.9506561388243499,521.0852661132812,0.9547365167671148,0.9610851060542862,0.9585416054101735,0.922669966741434,0.9561693277053893,0.9515294438651711,0.027330033258565978,0.0006561388243498945
abl_loss_huber_s42_b1,production_like,per_city,1.4734795093536377,1.6311371326446533,5,0.9506530532902593,519.2799072265625,0.9457889043424509,0.9544267816038683,0.9573500054163636,0.9486889937350144,0.9470545054138374,0.951812042604196,0.0073500054163636586,0.0006530532902593311
abl_loss_huber_s42_b1,production_like,city_horizon,1.3636040687561035,1.7954884767532349,120,0.9513812393356228,519.215087890625,0.9463761397002008,0.9551374148398758,0.9577523638558318,0.9503596565859695,0.9473297852817031,0.9521725996160555,0.00775236385583189,0.0013812393356228414
abl_loss_huber_s42_b1,production_like,per_season,1.1827988624572754,1.6279469728469849,4,0.9552103871419624,504.6082458496094,0.9630968938340287,0.9659359503174677,0.9643603274578685,0.9183695568102714,0.9641677371994861,0.9655814225435836,0.03163044318972852,0.005210387141962425
abl_loss_huber_s42_b1,production_like,city_season,1.013403058052063,1.6879314184188843,20,0.9549172614033626,495.9548645019531,0.9516303507958584,0.9597874279711421,0.9619461768210589,0.951210457111919,0.9500672906343671,0.9649090324403863,0.011946176821058918,0.004917261403362683
abl_loss_mae_s42_b1,exchangeable,none,1.0,1.0,0,0.9449936526928633,381.4632873535156,0.9469167720996754,0.9688728043720641,0.9520258965592493,0.8960887871177426,0.9602468427095293,0.9181700786205325,0.05391121288225731,0.0050063473071366715
abl_loss_mae_s42_b1,exchangeable,global,1.0317659378051758,1.0317659378051758,1,0.9499875972159397,393.580810546875,0.9522892715037498,0.972436987077553,0.9564086709827598,0.9040478652681342,0.9639961251435132,0.9243609707926621,0.04595213473186577,1.24027840602281e-05
abl_loss_mae_s42_b1,exchangeable,per_horizon,0.8049740195274353,1.2067985534667969,24,0.9500058366042636,394.4336853027344,0.9532977611529787,0.9715048162161174,0.9555903106132247,0.906337716058502,0.9625968714121699,0.9253104941319458,0.04366228394149796,5.8366042636759374e-06
abl_loss_mae_s42_b1,exchangeable,per_city,0.884962797164917,1.338212490081787,5,0.9492178950286723,386.206298828125,0.9446614225204907,0.9473232073988778,0.9510802356877864,0.952873393411139,0.950147101033295,0.9223669717801664,0.005338577479509277,0.0007821049713276906
abl_loss_mae_s42_b1,exchangeable,city_horizon,0.7551568150520325,1.6164047718048096,120,0.9494550070768827,387.29595947265625,0.9458166015732439,0.9475973752993,0.9511347930457554,0.9538151868813709,0.948945177956372,0.9238482281894489,0.00418339842675608,0.0005449929231172712
abl_loss_mae_s42_b1,exchangeable,per_season,0.7946975827217102,1.2962746620178223,4,0.9513847343615485,385.03778076171875,0.9619707721363479,0.9753248889620003,0.9584636647995927,0.8987849017580145,0.9616460964408725,0.960898628888298,0.051215098241985446,0.001384734361548512
abl_loss_mae_s42_b1,exchangeable,city_season,0.6046560406684875,1.6885172128677368,20,0.9504946522113434,380.7426452636719,0.949025432275336,0.9468845387582022,0.9531352295046192,0.953981385729059,0.9494833524684271,0.9621519996961525,0.003981385729059039,0.0004946522113434826
abl_loss_mae_s42_b1,temporal,none,1.0,1.0,0,0.9311204750370071,297.87713623046875,0.9355726409545416,0.9520921897140951,0.9221427974249645,0.8914808609356876,0.9532237144889335,,0.05851913906431239,0.018879524962992833
abl_loss_mae_s42_b1,temporal,global,0.955778956413269,0.955778956413269,1,0.9207837101332257,284.7046813964844,0.9248172422485506,0.9430065849795782,0.9108143131845163,0.8789792499033381,0.9451487385465044,,0.07102075009666187,0.02921628986677427
abl_loss_mae_s42_b1,temporal,per_horizon,0.7821928858757019,1.1075208187103271,24,0.9226382721033508,287.14947509765625,0.9266028064868499,0.9448612153038259,0.9133851684641753,0.8817287451132019,0.945483452575206,,0.06827125488679808,0.027361727896649146
abl_loss_mae_s42_b1,temporal,per_city,0.8097023963928223,1.3344969749450684,5,0.9119903108599112,282.160400390625,0.9162885471809091,0.8870342585646411,0.877832121060112,0.9523564033165786,0.9276390109200452,,0.07216787893988796,0.03800968914008873
abl_loss_mae_s42_b1,temporal,city_horizon,0.7248931527137756,1.592187762260437,120,0.9133065872695465,282.5601806640625,0.9178010251239391,0.8873676752521463,0.8787308753448708,0.9531726597070069,0.9306514371783607,,0.07126912465512913,0.036693412730453456
abl_loss_mae_s42_b1,temporal,per_season,0.910197913646698,1.2360810041427612,3,0.927760395639887,295.5955505371094,0.9338711032686329,0.9491747936984246,0.9203243875930106,0.8860677922412682,0.9482239236852015,,0.06393220775873176,0.022239604360112963
abl_loss_mae_s42_b1,temporal,city_season,0.6857077479362488,1.7073625326156616,15,0.9177474431435877,291.4033508300781,0.926539786572557,0.9044552804867884,0.909539336175905,0.9229067319671779,0.9255261286138655,,0.045544719513211596,0.03225255685641226
abl_loss_mae_s42_b1,season_balanced,none,1.0,1.0,0,0.9473728967090498,381.58056640625,0.9499455327634275,0.975927504540232,0.9593052200689617,0.8925499561542624,0.9585809670555433,0.9005662789989649,0.0574500438457376,0.0026271032909501724
abl_loss_mae_s42_b1,season_balanced,global,1.0477728843688965,1.0477728843688965,1,0.9543607585342497,399.80987548828125,0.9568508705526116,0.9799673844557281,0.9645787620083713,0.9050133402988974,0.9648910411622276,0.911201769875581,0.044986659701102605,0.004360758534249776
abl_loss_mae_s42_b1,season_balanced,per_horizon,0.8017712235450745,1.2173959016799927,24,0.9533107306197752,398.96484375,0.9568508705526116,0.9779845076164708,0.9631774012132834,0.9048827359740284,0.9631667767260987,0.9109582090158111,0.045117264025971604,0.0033107306197752706
abl_loss_mae_s42_b1,season_balanced,per_city,0.915343701839447,1.3256964683532715,5,0.9543274830017489,391.85693359375,0.9506471446243607,0.9645305956043142,0.9638780816108273,0.9499598858145045,0.942677379118057,0.9090097221376525,0.014530595604314245,0.0043274830017489
abl_loss_mae_s42_b1,season_balanced,city_horizon,0.760668933391571,1.5596529245376587,120,0.953539962065893,391.9147644042969,0.9516072450656377,0.9625106556465661,0.9627717441410212,0.949512099557811,0.9413566659329371,0.90894883192271,0.012771744141021224,0.003539962065893021
abl_loss_mae_s42_b1,season_balanced,per_season,0.74407559633255,1.2780908346176147,4,0.9334156594655949,350.97894287109375,0.9483946012813648,0.9668841036284793,0.9419725997086644,0.8696568837808086,0.9395773717807616,0.9478170857943129,0.08034311621919132,0.01658434053440505
abl_loss_mae_s42_b1,season_balanced,city_season,0.5104130506515503,1.534532070159912,20,0.9261024368781635,337.503173828125,0.9195915880430569,0.9383455023905711,0.9180941493186805,0.9396048286284681,0.9151441778560423,0.9498061661490999,0.03485582214395766,0.02389756312183644
abl_loss_mae_s42_b1,production_like,none,1.0,1.0,0,0.940128296507484,385.17010498046875,0.939545665275846,0.9684540637407115,0.9513920054473143,0.8878026142779797,0.9532635957668074,0.9158635340434033,0.06219738572202027,0.009871703492515982
abl_loss_mae_s42_b1,production_like,global,0.9853613972663879,0.9853613972663879,1,0.937622842825979,379.5317687988281,0.9369031061659713,0.9665075466159955,0.9491790340302387,0.884090030164746,0.9512448767357925,0.9128329061869634,0.06590996983525399,0.012377157174020992
abl_loss_mae_s42_b1,production_like,per_horizon,0.7964532375335693,1.1573154926300049,24,0.9377832905986861,381.2734375,0.9380930304435172,0.9658432590258145,0.9489314288367199,0.8859617913218346,0.9499143573744417,0.913895087654333,0.06403820867816534,0.012216709401313808
abl_loss_mae_s42_b1,production_like,per_city,0.8774559497833252,1.2538491487503052,5,0.9360307072352689,374.2467956542969,0.9208777623242157,0.9438908714526271,0.9497206703910615,0.9365612189651171,0.9291919006545544,0.9095001900232901,0.029122237675784257,0.013969292764731023
abl_loss_mae_s42_b1,production_like,city_horizon,0.7381728291511536,1.5144236087799072,120,0.9368020907578998,376.1759948730469,0.9222222222222223,0.9441380482303687,0.9503551586994538,0.9377368706009745,0.9296507004343305,0.9112347615938569,0.02777777777777768,0.013197909242100181
abl_loss_mae_s42_b1,production_like,per_season,0.7946975827217102,1.4099949598312378,4,0.9563983177668138,424.327392578125,0.966465770360068,0.9790208709891706,0.9650102910908557,0.90594786913141,0.9654064966048816,0.9691675030939689,0.044052130868589945,0.006398317766813877
abl_loss_mae_s42_b1,production_like,city_season,0.6046560406684875,1.5861454010009766,20,0.956145303971391,423.51275634765625,0.954211095657549,0.9586287868254777,0.9664494962781844,0.949276819552943,0.9522083562733223,0.9696352527309757,0.016449496278184483,0.006145303971391014
abl_loss_mse_s42_b1,exchangeable,none,1.0,1.0,0,0.8252958428786132,338.6430969238281,0.8281166914205035,0.8562994644587012,0.848512402706045,0.7490582065297681,0.8432656429391504,0.8251167913707319,0.2009417934702319,0.12470415712138672
abl_loss_mse_s42_b1,exchangeable,global,1.4299172163009644,1.4299172163009644,1,0.9503815680037354,484.2315673828125,0.9529493738196088,0.9596424850578494,0.9599548992507456,0.9241948589156449,0.954775401836969,0.9448326939876183,0.025805141084355054,0.0003815680037354552
abl_loss_mse_s42_b1,exchangeable,per_horizon,1.2079663276672363,1.5434352159500122,24,0.9503304977164286,481.6851806640625,0.9522892715037498,0.9587651477764983,0.960536844402415,0.9250627862313487,0.9546139494833524,0.9461050552622583,0.024937213768651212,0.0003304977164286793
abl_loss_mse_s42_b1,exchangeable,per_city,1.3800722360610962,1.574424147605896,5,0.951067369004713,481.9641418457031,0.9490987769770981,0.951307780885014,0.9527533279988362,0.952356330329443,0.9498421354764638,0.9476812640054693,0.002753327998836208,0.001067369004713048
abl_loss_mse_s42_b1,exchangeable,city_horizon,1.17059326171875,1.7071337699890137,120,0.950906862387463,480.1775817871094,0.9478885893980233,0.9510701687046481,0.9533898305084746,0.9517284680159551,0.9504520665901263,0.9486687682783242,0.003389830508474634,0.0009068623874630699
abl_loss_mse_s42_b1,exchangeable,per_season,0.976203203201294,1.5440665483474731,4,0.9507062291159004,441.6940612792969,0.9594587161009956,0.9647420080057026,0.9650469193278534,0.9030322056433742,0.9605338691159586,0.956188993125451,0.04696779435662579,0.0007062291159004586
abl_loss_mse_s42_b1,exchangeable,city_season,0.7916830778121948,1.7494094371795654,20,0.9505165394773321,431.4448547363281,0.9494471643104682,0.9500283306830436,0.9534080162944643,0.9505281430048752,0.9491783869115958,0.9591325154772304,0.0034080162944643,0.0005165394773321008
abl_loss_mse_s42_b1,temporal,none,1.0,1.0,0,0.7382460301439914,257.00689697265625,0.744706327199395,0.7549178961407018,0.7394448624696932,0.6943979035099025,0.7565792226266683,,0.25560209649009746,0.21175396985600858
abl_loss_mse_s42_b1,temporal,global,1.2571799755096436,1.2571799755096436,1,0.8564669963665724,323.1039123535156,0.866796907822872,0.8559848295407185,0.8581431318451634,0.8413670146496541,0.8596920630935944,,0.10863298535034582,0.09353300363342754
abl_loss_mse_s42_b1,temporal,per_horizon,0.9910945296287537,1.3638705015182495,24,0.8562861660610954,321.08648681640625,0.8675111335181918,0.8549429023922648,0.8570771674609147,0.8421832710400825,0.8593991883184804,,0.10781672895991745,0.09371383393890453
abl_loss_mse_s42_b1,temporal,per_city,1.0577186346054077,1.5514062643051147,5,0.8404235634504105,312.46630859375,0.8699689101756155,0.7756939234808702,0.7882284089959034,0.9447308501954719,0.8266390527592987,,0.17430607651912977,0.10957643654958948
abl_loss_mse_s42_b1,temporal,city_horizon,0.8853664994239807,1.6895861625671387,120,0.8395740815502624,310.6095886230469,0.8705150827661541,0.7747978661332,0.7885419279324472,0.9418954332602999,0.8252165181373164,,0.17520213386679995,0.11042591844973759
abl_loss_mse_s42_b1,temporal,per_season,1.2571799755096436,1.5039325952529907,3,0.8756476248149644,339.572509765625,0.8869632803966053,0.8746978411269484,0.8777067134854946,0.8622030330369034,0.8763650056482992,,0.08779696696309658,0.07435237518503557
abl_loss_mse_s42_b1,temporal,city_season,1.1076605319976807,1.8182990550994873,15,0.8690073677836092,334.5967102050781,0.8853877825392824,0.8405851462865717,0.8586447621436335,0.9081067147828329,0.8535207731894063,,0.1094148537134283,0.08099263221639075
abl_loss_mse_s42_b1,season_balanced,none,1.0,1.0,0,0.8260429106478007,340.5326843261719,0.838666198925426,0.8595122493606612,0.8543506721000129,0.7446312293598523,0.8322510822510822,0.7741784895167346,0.2053687706401477,0.12395708935219929
abl_loss_mse_s42_b1,season_balanced,global,1.4159897565841675,1.4159897565841675,1,0.9450583985595392,482.1907958984375,0.9509056332047044,0.959174974982395,0.9574428853281213,0.9142489318432002,0.943246019517206,0.9208427205748037,0.03575106815679974,0.004941601440460741
abl_loss_mse_s42_b1,season_balanced,per_horizon,1.211127519607544,1.5100023746490479,24,0.9449105073039794,479.64788818359375,0.9506102176843116,0.9582483970201253,0.9578854203160437,0.9148273224247626,0.9427140655954215,0.9220199313970245,0.03517267757523734,0.005089492696020548
abl_loss_mse_s42_b1,season_balanced,per_city,1.348968505859375,1.5383591651916504,5,0.9451101604989851,479.4977111816406,0.9499639962334521,0.9543753011378378,0.9523352940091826,0.9411907382875907,0.927782669308093,0.9224867563782501,0.0222173306919069,0.004889839501014848
abl_loss_mse_s42_b1,season_balanced,city_horizon,1.1576740741729736,1.6475870609283447,120,0.9454650995123286,478.3283996582031,0.9496870441830838,0.9541343908676476,0.9532203639850275,0.9421236263223688,0.9282595935138308,0.9239075280602407,0.02174040648616915,0.004534900487671356
abl_loss_mse_s42_b1,season_balanced,per_season,0.9106346964836121,1.4947843551635742,4,0.9303025485360614,404.5650634765625,0.9439818319454958,0.9519847299951818,0.9489609647262737,0.8689478888743773,0.9370093183652506,0.9320059266475877,0.0810521111256226,0.01969745146393853
abl_loss_mse_s42_b1,season_balanced,city_season,0.6664689183235168,1.6155318021774292,20,0.9272227131390288,390.66015625,0.9233212089880172,0.9399948111634113,0.9301716666973983,0.9282235946041756,0.9145388509795289,0.9336499624510342,0.03546114902047104,0.022777286860971135
abl_loss_mse_s42_b1,production_like,none,1.0,1.0,0,0.82461824229465,341.0917663574219,0.8213413691855973,0.8632185506171696,0.8529998916727278,0.7448371877175343,0.840475316571848,0.8230639550180766,0.2051628122824657,0.12538175770534998
abl_loss_mse_s42_b1,production_like,global,1.4214463233947754,1.4214463233947754,1,0.9476755128929042,484.8436584472656,0.9468088394374904,0.9619347762277733,0.9607236261780591,0.9175187562843221,0.9513366366917477,0.9422718989660784,0.03248124371567784,0.002324487107095763
abl_loss_mse_s42_b1,production_like,per_horizon,1.2371293306350708,1.535343050956726,24,0.9478976713474219,482.6519775390625,0.9465615824447535,0.9614249741236811,0.9610795586437425,0.9186944079201794,0.9516730898635836,0.943363314785761,0.03130559207982053,0.0021023286525780893
abl_loss_mse_s42_b1,production_like,per_city,1.375944972038269,1.5289781093597412,5,0.9484067844723583,483.7657470703125,0.9373976201514449,0.9605753039501939,0.9581701976198951,0.9401500502745765,0.9457698660304643,0.9436361687406816,0.012602379848555056,0.0015932155276416893
abl_loss_mse_s42_b1,production_like,city_horizon,1.1834380626678467,1.6710072755813599,120,0.9484870083587118,481.7164306640625,0.9370421882243857,0.9612550400889837,0.9584951794363887,0.9398870755665558,0.9457851593564568,0.9443280484120874,0.01295781177561428,0.0015129916412881528
abl_loss_mse_s42_b1,production_like,per_season,0.976203203201294,1.5524927377700806,4,0.9529702893922424,461.4794006347656,0.9585071859063514,0.9691801455253279,0.9686160417214751,0.9070925825663237,0.9613384718908669,0.9589744589208626,0.04290741743367621,0.00297028939224242
abl_loss_mse_s42_b1,production_like,city_season,0.7916830778121948,1.6934475898742676,20,0.9531615925058547,454.8904113769531,0.9461134291454181,0.9618884305819468,0.9622402079883625,0.9473586510944388,0.9482626781672479,0.9602607704226312,0.012240207988362561,0.0031615925058547933
abl_rize_all5_s42_b1,exchangeable,none,1.0,1.0,0,0.8252958428786132,338.6430969238281,0.8281166914205035,0.8562994644587012,0.848512402706045,0.7490582065297681,0.8432656429391504,0.8251167913707319,0.2009417934702319,0.12470415712138672
abl_rize_all5_s42_b1,exchangeable,global,1.4299172163009644,1.4299172163009644,1,0.9503815680037354,484.2315673828125,0.9529493738196088,0.9596424850578494,0.9599548992507456,0.9241948589156449,0.954775401836969,0.9448326939876183,0.025805141084355054,0.0003815680037354552
abl_rize_all5_s42_b1,exchangeable,per_horizon,1.2079663276672363,1.5434352159500122,24,0.9503304977164286,481.6851806640625,0.9522892715037498,0.9587651477764983,0.960536844402415,0.9250627862313487,0.9546139494833524,0.9461050552622583,0.024937213768651212,0.0003304977164286793
abl_rize_all5_s42_b1,exchangeable,per_city,1.3800722360610962,1.574424147605896,5,0.951067369004713,481.9641418457031,0.9490987769770981,0.951307780885014,0.9527533279988362,0.952356330329443,0.9498421354764638,0.9476812640054693,0.002753327998836208,0.001067369004713048
abl_rize_all5_s42_b1,exchangeable,city_horizon,1.17059326171875,1.7071337699890137,120,0.950906862387463,480.1775817871094,0.9478885893980233,0.9510701687046481,0.9533898305084746,0.9517284680159551,0.9504520665901263,0.9486687682783242,0.003389830508474634,0.0009068623874630699
abl_rize_all5_s42_b1,exchangeable,per_season,0.976203203201294,1.5440665483474731,4,0.9507062291159004,441.6940612792969,0.9594587161009956,0.9647420080057026,0.9650469193278534,0.9030322056433742,0.9605338691159586,0.956188993125451,0.04696779435662579,0.0007062291159004586
abl_rize_all5_s42_b1,exchangeable,city_season,0.7916830778121948,1.7494094371795654,20,0.9505165394773321,431.4448547363281,0.9494471643104682,0.9500283306830436,0.9534080162944643,0.9505281430048752,0.9491783869115958,0.9591325154772304,0.0034080162944643,0.0005165394773321008
abl_rize_all5_s42_b1,temporal,none,1.0,1.0,0,0.7382460301439914,257.00689697265625,0.744706327199395,0.7549178961407018,0.7394448624696932,0.6943979035099025,0.7565792226266683,,0.25560209649009746,0.21175396985600858
abl_rize_all5_s42_b1,temporal,global,1.2571799755096436,1.2571799755096436,1,0.8564669963665724,323.1039123535156,0.866796907822872,0.8559848295407185,0.8581431318451634,0.8413670146496541,0.8596920630935944,,0.10863298535034582,0.09353300363342754
abl_rize_all5_s42_b1,temporal,per_horizon,0.9910945296287537,1.3638705015182495,24,0.8562861660610954,321.08648681640625,0.8675111335181918,0.8549429023922648,0.8570771674609147,0.8421832710400825,0.8593991883184804,,0.10781672895991745,0.09371383393890453
abl_rize_all5_s42_b1,temporal,per_city,1.0577186346054077,1.5514062643051147,5,0.8404235634504105,312.46630859375,0.8699689101756155,0.7756939234808702,0.7882284089959034,0.9447308501954719,0.8266390527592987,,0.17430607651912977,0.10957643654958948
abl_rize_all5_s42_b1,temporal,city_horizon,0.8853664994239807,1.6895861625671387,120,0.8395740815502624,310.6095886230469,0.8705150827661541,0.7747978661332,0.7885419279324472,0.9418954332602999,0.8252165181373164,,0.17520213386679995,0.11042591844973759
abl_rize_all5_s42_b1,temporal,per_season,1.2571799755096436,1.5039325952529907,3,0.8756476248149644,339.572509765625,0.8869632803966053,0.8746978411269484,0.8777067134854946,0.8622030330369034,0.8763650056482992,,0.08779696696309658,0.07435237518503557
abl_rize_all5_s42_b1,temporal,city_season,1.1076605319976807,1.8182990550994873,15,0.8690073677836092,334.5967102050781,0.8853877825392824,0.8405851462865717,0.8586447621436335,0.9081067147828329,0.8535207731894063,,0.1094148537134283,0.08099263221639075
abl_rize_all5_s42_b1,season_balanced,none,1.0,1.0,0,0.8260429106478007,340.5326843261719,0.838666198925426,0.8595122493606612,0.8543506721000129,0.7446312293598523,0.8322510822510822,0.7741784895167346,0.2053687706401477,0.12395708935219929
abl_rize_all5_s42_b1,season_balanced,global,1.4159897565841675,1.4159897565841675,1,0.9450583985595392,482.1907958984375,0.9509056332047044,0.959174974982395,0.9574428853281213,0.9142489318432002,0.943246019517206,0.9208427205748037,0.03575106815679974,0.004941601440460741
abl_rize_all5_s42_b1,season_balanced,per_horizon,1.211127519607544,1.5100023746490479,24,0.9449105073039794,479.64788818359375,0.9506102176843116,0.9582483970201253,0.9578854203160437,0.9148273224247626,0.9427140655954215,0.9220199313970245,0.03517267757523734,0.005089492696020548
abl_rize_all5_s42_b1,season_balanced,per_city,1.348968505859375,1.5383591651916504,5,0.9451101604989851,479.4977111816406,0.9499639962334521,0.9543753011378378,0.9523352940091826,0.9411907382875907,0.927782669308093,0.9224867563782501,0.0222173306919069,0.004889839501014848
abl_rize_all5_s42_b1,season_balanced,city_horizon,1.1576740741729736,1.6475870609283447,120,0.9454650995123286,478.3283996582031,0.9496870441830838,0.9541343908676476,0.9532203639850275,0.9421236263223688,0.9282595935138308,0.9239075280602407,0.02174040648616915,0.004534900487671356
abl_rize_all5_s42_b1,season_balanced,per_season,0.9106346964836121,1.4947843551635742,4,0.9303025485360614,404.5650634765625,0.9439818319454958,0.9519847299951818,0.9489609647262737,0.8689478888743773,0.9370093183652506,0.9320059266475877,0.0810521111256226,0.01969745146393853
abl_rize_all5_s42_b1,season_balanced,city_season,0.6664689183235168,1.6155318021774292,20,0.9272227131390288,390.66015625,0.9233212089880172,0.9399948111634113,0.9301716666973983,0.9282235946041756,0.9145388509795289,0.9336499624510342,0.03546114902047104,0.022777286860971135
abl_rize_all5_s42_b1,production_like,none,1.0,1.0,0,0.82461824229465,341.0917663574219,0.8213413691855973,0.8632185506171696,0.8529998916727278,0.7448371877175343,0.840475316571848,0.8230639550180766,0.2051628122824657,0.12538175770534998
abl_rize_all5_s42_b1,production_like,global,1.4214463233947754,1.4214463233947754,1,0.9476755128929042,484.8436584472656,0.9468088394374904,0.9619347762277733,0.9607236261780591,0.9175187562843221,0.9513366366917477,0.9422718989660784,0.03248124371567784,0.002324487107095763
abl_rize_all5_s42_b1,production_like,per_horizon,1.2371293306350708,1.535343050956726,24,0.9478976713474219,482.6519775390625,0.9465615824447535,0.9614249741236811,0.9610795586437425,0.9186944079201794,0.9516730898635836,0.943363314785761,0.03130559207982053,0.0021023286525780893
abl_rize_all5_s42_b1,production_like,per_city,1.375944972038269,1.5289781093597412,5,0.9484067844723583,483.7657470703125,0.9373976201514449,0.9605753039501939,0.9581701976198951,0.9401500502745765,0.9457698660304643,0.9436361687406816,0.012602379848555056,0.0015932155276416893
abl_rize_all5_s42_b1,production_like,city_horizon,1.1834380626678467,1.6710072755813599,120,0.9484870083587118,481.7164306640625,0.9370421882243857,0.9612550400889837,0.9584951794363887,0.9398870755665558,0.9457851593564568,0.9443280484120874,0.01295781177561428,0.0015129916412881528
abl_rize_all5_s42_b1,production_like,per_season,0.976203203201294,1.5524927377700806,4,0.9529702893922424,461.4794006347656,0.9585071859063514,0.9691801455253279,0.9686160417214751,0.9070925825663237,0.9613384718908669,0.9589744589208626,0.04290741743367621,0.00297028939224242
abl_rize_all5_s42_b1,production_like,city_season,0.7916830778121948,1.6934475898742676,20,0.9531615925058547,454.8904113769531,0.9461134291454181,0.9618884305819468,0.9622402079883625,0.9473586510944388,0.9482626781672479,0.9602607704226312,0.012240207988362561,0.0031615925058547933
abl_rize_all5_s43_b1,exchangeable,none,1.0,1.0,0,0.8473034888301986,337.97003173828125,0.8569594953884518,0.8658770631134507,0.8559867607477996,0.797292805436549,0.8596440872560276,0.8230468304910935,0.15270719456345094,0.10269651116980139
abl_rize_all5_s43_b1,exchangeable,global,1.339401125907898,1.339401125907898,1,0.9511439744356733,452.6773681640625,0.9600088013642114,0.964157116484802,0.9556630537571834,0.9195782242576451,0.9559055683122847,0.9333624520490713,0.03042177574235483,0.0011439744356733783
abl_rize_all5_s43_b1,exchangeable,per_horizon,1.1494460105895996,1.439479112625122,24,0.9511549180686677,451.0172424316406,0.9602838439958193,0.9633163349235071,0.9558630974030697,0.9203538188801891,0.9555647244546498,0.9337042804512135,0.029646181119810877,0.001154918068667743
abl_rize_all5_s43_b1,exchangeable,per_city,1.2617192268371582,1.5505125522613525,5,0.9507098769935651,452.1220703125,0.9490987769770981,0.9491327155416643,0.9531534152906088,0.9512298714728912,0.950918484500574,0.9334953853165711,0.003153415290608863,0.0007098769935651728
abl_rize_all5_s43_b1,exchangeable,city_horizon,1.124088168144226,1.726615309715271,120,0.951180453212321,451.26226806640625,0.9504923263105781,0.9495531063223118,0.9527351422128464,0.9520054660954351,0.9511158151549942,0.9347297656576399,0.002735142212846431,0.0011804532123210754
abl_rize_all5_s43_b1,exchangeable,per_season,1.0149989128112793,1.509851336479187,4,0.9516400857980827,432.2923278808594,0.9654363092946073,0.965400010966716,0.9589183094493344,0.9084059683852859,0.9594575200918485,0.9569676022636636,0.04159403161471409,0.0016400857980827244
abl_rize_all5_s43_b1,exchangeable,city_season,0.8862196803092957,1.9515340328216553,20,0.951424861015861,426.571533203125,0.9519408841703797,0.9490230483814955,0.9534807594384229,0.9511560053183631,0.9515104764638347,0.9590185726765164,0.0034807594384229645,0.0014248610158610342
abl_rize_all5_s43_b1,temporal,none,1.0,1.0,0,0.7913722917507738,267.13848876953125,0.8088395933114865,0.7970951071101109,0.7775269626285428,0.7747776775357649,0.7982511192000334,,0.17522232246423508,0.15862770824922612
abl_rize_all5_s43_b1,temporal,global,1.2535953521728516,1.2535953521728516,1,0.9094586865832324,334.88360595703125,0.9302159482396437,0.9161248645494707,0.8964551458908118,0.8960991536710057,0.9081209991213757,,0.05390084632899428,0.04054131341676759
abl_rize_all5_s43_b1,temporal,per_horizon,1.027532935142517,1.3465139865875244,24,0.907768133494819,333.1463928222656,0.9275060919250483,0.9132074685338001,0.8952846751943817,0.8957554667697727,0.9068449018869503,,0.05471532480561825,0.04223186650518096
abl_rize_all5_s43_b1,temporal,per_city,1.1131702661514282,1.5812679529190063,5,0.8946306015341139,331.3642578125,0.9212881270481472,0.8541301992164708,0.854192793244712,0.9586716501267345,0.8868457386720221,,0.09586980078352914,0.055369398465886066
abl_rize_all5_s43_b1,temporal,city_horizon,0.9829793572425842,1.7987769842147827,120,0.8935708518368994,330.06695556640625,0.9212041004957566,0.8541301992164708,0.8546526210183095,0.9558577136228895,0.8839379105476758,,0.09586980078352914,0.05642914816310052
abl_rize_all5_s43_b1,temporal,per_season,1.2535953521728516,1.512637734413147,3,0.9215238527788993,350.80889892578125,0.9421057054029073,0.9290030841043594,0.9100618677368113,0.908514842978047,0.9176603489393749,,0.04148515702195299,0.0284761472211007
abl_rize_all5_s43_b1,temporal,city_season,1.115383267402649,2.0436038970947266,15,0.9146438904588884,347.9223937988281,0.9388496764977733,0.9007251812953239,0.9002382743917733,0.9354513038621816,0.8986653278105519,,0.051334672189448094,0.03535610954111157
abl_rize_all5_s43_b1,season_balanced,none,1.0,1.0,0,0.847320765041465,339.46246337890625,0.8609885341851148,0.8695378229124199,0.8593845075876312,0.8018359236524433,0.8444676792134419,0.788305019383385,0.14816407634755668,0.10267923495853493
abl_rize_all5_s43_b1,season_balanced,global,1.337275743484497,1.337275743484497,1,0.9503159326946896,453.9549255371094,0.9586972175550673,0.9662354990548905,0.9595449265207531,0.9191559229061328,0.9476850832783036,0.9125007611276867,0.03084407709386716,0.0003159326946896579
abl_rize_all5_s43_b1,season_balanced,per_horizon,1.1399844884872437,1.4424505233764648,24,0.9503233272574676,452.236083984375,0.9589372426653865,0.9655868944813016,0.9593974148581123,0.920256730787171,0.9471898158338836,0.9127037285108283,0.029743269212828993,0.0003233272574676427
abl_rize_all5_s43_b1,season_balanced,per_city,1.2688684463500977,1.5392204523086548,5,0.9488222310135358,452.31134033203125,0.9498162884732556,0.9539861383936844,0.9610569210628215,0.9487284736085975,0.9306442145425197,0.9096795145020196,0.01935578545748029,0.001177768986464156
abl_rize_all5_s43_b1,season_balanced,city_horizon,1.1212005615234375,1.7218104600906372,120,0.9485819077232511,451.0891418457031,0.9496870441830838,0.9543011749008562,0.9608356535688602,0.9471985372315614,0.9309927360774818,0.9099027786234752,0.01900726392251817,0.001418092276748828
abl_rize_all5_s43_b1,season_balanced,per_season,0.9463508725166321,1.4570854902267456,4,0.9329904721058606,397.78839111328125,0.9486900168017577,0.953967606834439,0.9440746409012962,0.8823441610537903,0.9353951133612151,0.9339950070023747,0.06765583894620963,0.017009527894139342
abl_rize_all5_s43_b1,season_balanced,city_season,0.7197484970092773,1.721713900566101,20,0.9309236918094126,386.26458740234375,0.9243736267794169,0.9421444720358771,0.933509118064647,0.9355001212754446,0.9192530633208599,0.9308896060403093,0.03074693667914008,0.019076308190587365
abl_rize_all5_s43_b1,production_like,none,1.0,1.0,0,0.8431036770309757,340.1521301269531,0.8472260856127337,0.8681466376233953,0.8564973150311828,0.7893727279758682,0.8541169633571909,0.821592492618326,0.16062727202413174,0.1068963229690243
abl_rize_all5_s43_b1,production_like,global,1.312721610069275,1.312721610069275,1,0.9422233741549494,446.52496337890625,0.9486323597589245,0.9608688263737621,0.9515931846670483,0.9039832933714904,0.9459686792683673,0.9251405685107047,0.04601670662850954,0.0077766258450505665
abl_rize_all5_s43_b1,production_like,per_horizon,1.151397466659546,1.426373839378357,24,0.9424085062003807,444.6058654785156,0.9484160098902797,0.9605907524988028,0.9519026911589471,0.9055302034186712,0.9455404661405763,0.925501125522564,0.04446979658132877,0.007591493799619209
abl_rize_all5_s43_b1,production_like,per_city,1.2318004369735718,1.463343620300293,5,0.9425010722230964,445.9682922363281,0.9302889816102612,0.953376280298466,0.9561738807471487,0.9331889550622632,0.9395148956995167,0.9261540260575527,0.019711018389738766,0.00749892777690353
abl_rize_all5_s43_b1,production_like,city_horizon,1.1026930809020996,1.6149139404296875,120,0.9431768041889211,445.783203125,0.9317879771287282,0.9536389056248166,0.9560810287995791,0.9349214943151056,0.9394996023735241,0.9268653952971672,0.01821202287127177,0.006823195811078819
abl_rize_all5_s43_b1,production_like,per_season,1.0149989128112793,1.551577091217041,4,0.9535904817444375,453.22882080078125,0.9648276927831865,0.9700143671502063,0.9634472833067673,0.9096913914455874,0.9598703125955833,0.9593545055009306,0.04030860855441254,0.003590481744437546
abl_rize_all5_s43_b1,production_like,city_season,0.8862196803092957,1.82174551486969,20,0.9530844541535917,449.90118408203125,0.9451862154226549,0.9608688263737621,0.9653197975827543,0.9465233196689613,0.9475897718235762,0.958321558385874,0.015319797582754369,0.003084454153591709
abl_rize_all5_s44_b1,exchangeable,none,1.0,1.0,0,0.8451402973749872,334.1440124511719,0.8524121238792013,0.8698799144596151,0.8602786062413618,0.7799711921997341,0.862119690011481,0.8128109688936154,0.17002880780026586,0.10485970262501276
abl_rize_all5_s44_b1,exchangeable,global,1.335020661354065,1.335020661354065,1,0.9505639618869741,446.0892028808594,0.9584318902763261,0.9632066677633383,0.958390921655634,0.9133919338159255,0.958847588978186,0.9252725131983744,0.03660806618407442,0.0005639618869741625
abl_rize_all5_s44_b1,exchangeable,per_horizon,1.1095095872879028,1.4343713521957397,24,0.9505639618869741,445.0030822753906,0.9583402093991236,0.9615251046407487,0.9582999927256856,0.9147215245974295,0.9593857634902411,0.925063618063732,0.03527847540257045,0.0005639618869741625
abl_rize_all5_s44_b1,exchangeable,per_city,1.2594412565231323,1.5805586576461792,5,0.9501444559555251,444.478271484375,0.9490621046262171,0.9490047705214674,0.9502255037462719,0.952448663022603,0.9500035878300803,0.9264499221390862,0.002448663022603048,0.00014445595552514678
abl_rize_all5_s44_b1,exchangeable,city_horizon,1.0861824750900269,1.7779070138931274,120,0.9502575401631331,443.7840881347656,0.9493371472578249,0.9493154941419458,0.9500982032443442,0.952781060717979,0.9497883180252583,0.9265448744730146,0.0027810607179790114,0.0002575401631331742
abl_rize_all5_s44_b1,exchangeable,per_season,0.9905188083648682,1.5255553722381592,4,0.9513008331752586,423.3717041015625,0.9642627940664136,0.9648333973058434,0.9625190950752891,0.9002252917713104,0.9638884902411022,0.9539671085115272,0.04977470822868957,0.0013008331752586422
abl_rize_all5_s44_b1,exchangeable,city_season,0.8213086128234863,2.0396602153778076,20,0.9506551588285935,414.6323547363281,0.9508040412930671,0.9485661018807918,0.9501163890303339,0.953316590338307,0.9505058840413318,0.9562649549925937,0.0033165903383070017,0.0006551588285935717
abl_rize_all5_s44_b1,temporal,none,1.0,1.0,0,0.7868136859103755,260.89227294921875,0.8016133098058986,0.7979911644577811,0.7841944653457069,0.7460798212828114,0.8031463118697962,,0.2039201787171886,0.16318631408962447
abl_rize_all5_s44_b1,temporal,global,1.2608243227005005,1.2608243227005005,1,0.9135799354057328,328.9393310546875,0.9299428619443745,0.9165624739518213,0.9088286932530725,0.8868196073377154,0.9251077360779884,,0.06318039266228459,0.036420064594267165
abl_rize_all5_s44_b1,temporal,per_horizon,1.0524420738220215,1.340622067451477,24,0.9154134705961513,328.9248352050781,0.9321905722208218,0.9164999583229141,0.9104589917231001,0.8905357219572969,0.9268022258482909,,0.059464278042703045,0.034586529403848654
abl_rize_all5_s44_b1,temporal,per_city,1.0879266262054443,1.5877031087875366,5,0.8947946104158256,322.5528869628906,0.9261196538106041,0.8417312661498708,0.8558439929771758,0.9545044464492847,0.8977030249780344,,0.10826873385012914,0.055205389584174314
abl_rize_all5_s44_b1,temporal,city_horizon,0.9673035740852356,1.803961157798767,120,0.8962622796393487,322.57452392578125,0.9276111251155366,0.8425022922397266,0.8570144636736059,0.9569746960518967,0.8991673988536044,,0.10749770776027334,0.053737720360651275
abl_rize_all5_s44_b1,temporal,per_season,1.2608243227005005,1.530480980873108,3,0.9250311196339658,343.87310791015625,0.940383161078901,0.9290864382762357,0.9217874759635482,0.8986123641362719,0.9346470858959877,,0.051387635863728076,0.024968880366034174
abl_rize_all5_s44_b1,temporal,city_season,1.096341609954834,2.0501434803009033,15,0.9174572735836362,340.1737976074219,0.9399840349550458,0.8991414520296741,0.9083270629546024,0.9287708897194655,0.9115308982887745,,0.05085854797032585,0.0325427264163638
abl_rize_all5_s44_b1,season_balanced,none,1.0,1.0,0,0.8479493028775941,336.9667053222656,0.8638134450988719,0.8689077498980764,0.872015193701252,0.7831781629568819,0.8511813045711351,0.7848139803933508,0.16682183704311804,0.10205069712240589
abl_rize_all5_s44_b1,season_balanced,global,1.3399364948272705,1.3399364948272705,1,0.9524640531816955,451.5141296386719,0.9634054024113292,0.964993884585449,0.9655929046890269,0.9126257066626864,0.9552975273314256,0.9133938176135095,0.03737429333731357,0.0024640531816955136
abl_rize_all5_s44_b1,season_balanced,per_horizon,1.109930396080017,1.440725564956665,24,0.9521571788264089,450.05096435546875,0.9628330348405679,0.9633260442533634,0.9650950528276142,0.9131854394835531,0.9559395406853034,0.9122369035296027,0.036814560516446826,0.0021571788264089786
abl_rize_all5_s44_b1,season_balanced,per_city,1.2548086643218994,1.5618869066238403,5,0.9515138518647238,449.0501403808594,0.9595096102361478,0.9501315740706423,0.9633617907915845,0.9482993451125996,0.9363122752953261,0.9120136394081471,0.013687724704673832,0.0015138518647238586
abl_rize_all5_s44_b1,season_balanced,city_horizon,1.0765750408172607,1.7631728649139404,120,0.9516173757436157,448.5087585449219,0.9586418271449936,0.9505022052555502,0.9635461803698855,0.9489337089762486,0.9365140509208306,0.911059692707382,0.01354618036988553,0.0016173757436157565
abl_rize_all5_s44_b1,season_balanced,per_season,0.8996168375015259,1.486376404762268,4,0.9311233450044183,386.335205078125,0.9511641217850483,0.9495015010562988,0.9491822322202349,0.8654215721029163,0.9396507447354905,0.9387647405062006,0.0845784278970837,0.018876654995581665
abl_rize_all5_s44_b1,season_balanced,city_season,0.6696121096611023,1.7934203147888184,20,0.9297738372974352,374.4503479003906,0.9258691678514059,0.9356398947407435,0.9343941880404919,0.936414351549527,0.9167216963827133,0.9366741764598429,0.033278303617286675,0.02022616270256472
abl_rize_all5_s44_b1,production_like,none,1.0,1.0,0,0.8394102927246192,335.8695373535156,0.841616442590017,0.8722868486505693,0.8592054968352961,0.7683811586356253,0.8553404294365938,0.8104542043871018,0.18161884136437467,0.11058970727538076
abl_rize_all5_s44_b1,production_like,global,1.3004339933395386,1.3004339933395386,1,0.9387212929622053,436.7761535644531,0.9433781486632669,0.9588605150546107,0.9512991534997447,0.8929538247350917,0.9469933321098672,0.9153665500540835,0.057046175264908294,0.011278707037794655
abl_rize_all5_s44_b1,production_like,per_horizon,1.1054712533950806,1.412333607673645,24,0.9386966086894811,435.8941345214844,0.9437490341523721,0.9576864253603374,0.9511753509029852,0.8940985381700054,0.9466568789380314,0.914781863007825,0.05590146182999456,0.011303391310518829
abl_rize_all5_s44_b1,production_like,per_city,1.2401459217071533,1.4661736488342285,5,0.9388107734508305,435.19671630859375,0.9276927831865245,0.9535462143331634,0.9492718859778084,0.9281924356098693,0.9353856976815318,0.9157660862023602,0.022307216813475472,0.011189226549169429
abl_rize_all5_s44_b1,production_like,city_horizon,1.0853780508041382,1.7053288221359253,120,0.9392365771553227,434.9121398925781,0.9286818111574718,0.9540560164372557,0.9495194911713273,0.9289813597339315,0.9349880712057258,0.9163410284645144,0.02131818884252812,0.01076342284467724
abl_rize_all5_s44_b1,production_like,per_season,0.9905188083648682,1.5034098625183105,4,0.9497952748130938,436.3949279785156,0.9602379848555092,0.9676816363102686,0.9634163326575775,0.8964034341403048,0.9610784853489936,0.9486839669067132,0.05359656585969519,0.00020472518690617392
abl_rize_all5_s44_b1,production_like,city_season,0.8213086128234863,1.6520978212356567,20,0.9484283832109919,428.5777587890625,0.9424818420645958,0.9607915836307179,0.9579380677509711,0.9370871683811587,0.9438887869333823,0.9463062395852619,0.01291283161884127,0.001571616789008079
abl_rize_minus_antalya_s42_b1,exchangeable,none,1.0,1.0,0,0.8361167195022794,334.2144470214844,0.8454077048609201,,0.8609978433824462,0.7772409014659762,0.8609404319511388,0.8177787313165987,0.17275909853402371,0.11388328049772056
abl_rize_minus_antalya_s42_b1,exchangeable,global,1.360053539276123,1.360053539276123,1,0.94977571510794,454.5497131347656,0.9560298512936172,,0.960528461914859,0.922361607468456,0.9602450421281136,0.9261245798469571,0.027638392531543987,0.00022428489205994495
abl_rize_minus_antalya_s42_b1,exchangeable,per_horizon,1.1095032691955566,1.4849565029144287,24,0.9501274449793987,453.5914001464844,0.9563415662761061,,0.9600028996538538,0.924257895120706,0.9599690937856433,0.9276740804309995,0.02574210487929396,0.00012744497939876087
abl_rize_minus_antalya_s42_b1,exchangeable,per_city,1.287715196609497,1.5186361074447632,4,0.9491955892160535,451.193603515625,0.9483836661349175,,0.947171931350695,0.9503136168040259,0.9509363847087825,0.9290090347803285,0.00282806864930496,0.0008044107839464409
abl_rize_minus_antalya_s42_b1,exchangeable,city_horizon,1.0867244005203247,1.7599401473999023,96,0.9496295416548662,451.017333984375,0.9484386746612392,,0.9477518621214592,0.950915323462913,0.951433091725229,0.9301056044244201,0.0022481378785407236,0.00037045834513371734
abl_rize_minus_antalya_s42_b1,exchangeable,per_season,0.9846866130828857,1.4990993738174438,4,0.9502507788304296,425.2408447265625,0.9626858829785283,,0.9641530292321354,0.9093793304645905,0.9648993708377792,0.9471262723783642,0.04062066953540944,0.0002507788304296765
abl_rize_minus_antalya_s42_b1,exchangeable,city_season,0.7960549592971802,1.654873013496399,16,0.9501411487406244,416.3537902832031,0.9503639730824944,,0.9470994400043495,0.9504594850849682,0.9526840575444276,0.9497485041359747,0.0029005599956504202,0.0001411487406244305
abl_rize_minus_antalya_s42_b1,temporal,none,1.0,1.0,0,0.766206191650334,256.926513671875,0.7783379547937148,,0.7716537078839562,0.7270266786957083,0.786829002970587,,0.2229733213042917,0.18379380834966597
abl_rize_minus_antalya_s42_b1,temporal,global,1.252109408378601,1.252109408378601,1,0.8955448778740174,321.7001037597656,0.9087471641038568,,0.8918777694172728,0.8764015981440907,0.9047110999539768,,0.07359840185590927,0.05445512212598258
abl_rize_minus_antalya_s42_b1,temporal,per_horizon,1.0004369020462036,1.3712713718414307,24,0.8961296916819456,321.59112548828125,0.9092093101420049,,0.8926929186522866,0.8782059543755638,0.9039998326429857,,0.07179404562443614,0.053870308318054394
abl_rize_minus_antalya_s42_b1,temporal,per_city,1.0578855276107788,1.5075594186782837,4,0.8752239151967293,313.2645568847656,0.8955970086547349,,0.8009154752947077,0.9468144520341969,0.8595874649596251,,0.1490845247052922,0.07477608480327069
abl_rize_minus_antalya_s42_b1,temporal,city_horizon,0.9298508763313293,1.7322355508804321,96,0.8762934395481655,312.8876037597656,0.898558944626502,,0.8021695510408828,0.9456545087425355,0.8607589640600811,,0.14783044895911712,0.07370656045183444
abl_rize_minus_antalya_s42_b1,temporal,per_season,1.252109408378601,1.5293012857437134,3,0.9097279298644918,337.8042907714844,0.9225065120578103,,0.9064668505977761,0.8934355801864502,0.9161332161834232,,0.05656441981354976,0.04027207013550815
abl_rize_minus_antalya_s42_b1,temporal,city_season,1.082371473312378,1.7491626739501953,12,0.9032528292343681,334.9637756347656,0.9190614234097975,,0.8835799682300811,0.9207157279718177,0.8901928789590394,,0.06642003176991884,0.04674717076563184
abl_rize_minus_antalya_s42_b1,season_balanced,none,1.0,1.0,0,0.8410536379886101,337.2069396972656,0.8596407008733221,,0.870411004370033,0.7850439390264381,0.8484481620074841,0.7913508013228187,0.16495606097356186,0.10894636201138985
abl_rize_minus_antalya_s42_b1,season_balanced,global,1.3629039525985718,1.3629039525985718,1,0.9508514736244094,459.58062744140625,0.960543564557523,,0.9644312503457304,0.9231673414556785,0.9549306625577813,0.9164080386670058,0.026832658544321486,0.0008514736244094046
abl_rize_minus_antalya_s42_b1,season_balanced,per_horizon,1.116031289100647,1.4607596397399902,24,0.9513041148785027,458.6492614746094,0.9601373682169827,,0.9644865672192208,0.9254622460212325,0.9548206031256878,0.917044009157975,0.02453775397876745,0.0013041148785027934
abl_rize_minus_antalya_s42_b1,season_balanced,per_city,1.2752662897109985,1.5186783075332642,4,0.9497152517008688,455.69097900390625,0.9563708203319732,,0.956336547858315,0.9503330410284158,0.9359087240443172,0.9160518951920631,0.014091275955682714,0.0002847482991311656
abl_rize_minus_antalya_s42_b1,season_balanced,city_horizon,1.083584189414978,1.7454622983932495,96,0.9504265451001584,455.6077575683594,0.9565554550322187,,0.9573138126233105,0.9507621695244137,0.9371560642747083,0.917044009157975,0.012843935725291633,0.000426545100158493
abl_rize_minus_antalya_s42_b1,season_balanced,per_season,0.9682650566101074,1.4647347927093506,4,0.9386209221872734,400.53594970703125,0.9552445486604753,,0.9573506905389707,0.8933708976248671,0.947960231858537,0.9339608242177563,0.056629102375132856,0.011379077812726512
abl_rize_minus_antalya_s42_b1,season_balanced,city_season,0.6587589383125305,1.6060899496078491,16,0.9310507281519766,382.1585388183594,0.9276785879138125,,0.9316099054081464,0.9427766479467135,0.922316384180791,0.9327397608750954,0.027683615819208973,0.018949271848023308
abl_rize_minus_antalya_s42_b1,production_like,none,1.0,1.0,0,0.833854783517802,337.1619873046875,0.8382630196260238,,0.8675878126866929,0.7713382997506466,0.8578145541721445,0.8196342590340937,0.17866170024935335,0.116145216482198
abl_rize_minus_antalya_s42_b1,production_like,global,1.3353590965270996,1.3353590965270996,1,0.9417120283319124,450.2322692871094,0.944614433626951,,0.9593603039169131,0.9110071708457881,0.9516510710695228,0.9228636739458198,0.03899282915421187,0.00828797166808759
abl_rize_minus_antalya_s42_b1,production_like,per_horizon,1.1109989881515503,1.463517427444458,24,0.9422289777133092,449.5702819824219,0.9452325761087931,,0.9592071199889708,0.9128502176034197,0.9514190704508545,0.9238728661057342,0.03714978239658029,0.0077710222866907985
abl_rize_minus_antalya_s42_b1,production_like,per_city,1.2683639526367188,1.4733574390411377,4,0.941912635554544,447.62652587890625,0.9304898779168599,,0.9558064367886522,0.9393343348769495,0.9418915783775423,0.9251981907494772,0.01951012208314007,0.008087364445455991
abl_rize_minus_antalya_s42_b1,production_like,city_horizon,1.1021300554275513,1.7073317766189575,96,0.9425877560153233,447.85498046875,0.93115438108484,,0.9557451632174753,0.9404959189678939,0.9428350475601268,0.9256115947667914,0.0188456189151599,0.007412243984676659
abl_rize_minus_antalya_s42_b1,production_like,per_season,0.9846866130828857,1.4841862916946411,4,0.949254088336619,439.43975830078125,0.957780868490187,,0.9671573658491751,0.909799123391206,0.9620446987858634,0.9460872525655367,0.0402008766087939,0.0007459116633810048
abl_rize_minus_antalya_s42_b1,production_like,city_season,0.7960549592971802,1.6098041534423828,16,0.9489917558147161,432.71319580078125,0.9435481378457734,,0.9596513533800034,0.9402171387860672,0.9524398731729952,0.9459535042069939,0.009782861213932792,0.0010082441852838908
abl_rize_plus_ankara_s42_b1,exchangeable,none,1.0,1.0,0,0.8138891172682178,318.616943359375,0.8535489667565139,,,0.7745130165665393,,0.8078476081896347,0.1754869834334607,0.13611088273178218
abl_rize_plus_ankara_s42_b1,exchangeable,global,1.4199471473693848,1.4199471473693848,1,0.9486968675491244,452.4191589355469,0.9674166162421842,,,0.9301110504278173,,0.9378176808702674,0.01988894957218268,0.0013031324508755437
abl_rize_plus_ankara_s42_b1,exchangeable,per_horizon,1.1527553796768188,1.6045653820037842,24,0.9487882192806965,450.9209899902344,0.9670132203824926,,,0.9306936100491535,,0.9385777397748325,0.019306389950846436,0.0012117807193035013
abl_rize_plus_ankara_s42_b1,exchangeable,per_city,1.3286924362182617,1.5132633447647095,2,0.9484684882201943,450.16522216796875,0.9504373177842566,,,0.9465137447660659,,0.9369151109210964,0.003486255233934088,0.0015315117798057054
abl_rize_plus_ankara_s42_b1,exchangeable,city_horizon,1.1186264753341675,1.8056666851043701,48,0.9486603268564956,449.0571594238281,0.950418981608816,,,0.9469142545057345,,0.93819771032255,0.003085745494265435,0.0013396731435043607
abl_rize_plus_ankara_s42_b1,exchangeable,per_season,1.0303244590759277,1.535438060760498,4,0.9480208647354911,418.93316650390625,0.975209490804408,,,0.9210267613326051,,0.95382642154767,0.028973238667394874,0.00197913526450888
abl_rize_plus_ankara_s42_b1,exchangeable,city_season,0.7452898025512695,1.6606197357177734,8,0.9496103848648451,409.9469299316406,0.9525826503107981,,,0.9466593846714,,0.9525438221462164,0.003340615328599972,0.0003896151351548971
abl_rize_plus_ankara_s42_b1,temporal,none,1.0,1.0,0,0.732704602901506,237.14874267578125,0.7663641710780607,,,0.6982858615801005,,,0.2517141384198994,0.217295397098494
abl_rize_plus_ankara_s42_b1,temporal,global,1.3096386194229126,1.3096386194229126,1,0.8922661908706642,310.57916259765625,0.909902529199227,,,0.8742320745800576,,,0.07576792541994237,0.05773380912933579
abl_rize_plus_ankara_s42_b1,temporal,per_horizon,1.0538358688354492,1.4617722034454346,24,0.8929777607850634,309.6333923339844,0.9104697084278632,,,0.87509129183314,,,0.0749087081668599,0.05702223921493654
abl_rize_plus_ankara_s42_b1,temporal,per_city,1.1284669637680054,1.4499820470809937,2,0.8760169077508019,302.3547668457031,0.8312536761616671,,,0.9217897495381707,,,0.11874632383833283,0.07398309224919808
abl_rize_plus_ankara_s42_b1,temporal,city_horizon,0.9800465703010559,1.6383756399154663,48,0.8736060663990314,300.7590637207031,0.8294471052852701,,,0.9187610087210552,,,0.12055289471472985,0.07639393360096858
abl_rize_plus_ankara_s42_b1,temporal,per_season,1.3096386194229126,1.5060076713562012,3,0.9078888676479959,325.99359130859375,0.922926644819763,,,0.8925119216393865,,,0.057488078360613426,0.04211113235200403
abl_rize_plus_ankara_s42_b1,temporal,city_season,1.1349257230758667,1.6352158784866333,6,0.9038106161983049,323.77838134765625,0.8917738005209647,,,0.9161189156678267,,,0.05822619947903529,0.046189383801695016
abl_rize_plus_ankara_s42_b1,season_balanced,none,1.0,1.0,0,0.8201247239184097,323.267333984375,0.8615239748158269,,,0.7782898296546449,,0.7678380170347325,0.17171017034535507,0.12987527608159022
abl_rize_plus_ankara_s42_b1,season_balanced,global,1.4314743280410767,1.4314743280410767,1,0.9529315688858367,462.74884033203125,0.9699414708000221,,,0.9357426721644868,,0.9223746621104707,0.019941470800022176,0.0029315688858367883
abl_rize_plus_ankara_s42_b1,season_balanced,per_horizon,1.1639032363891602,1.6007505655288696,24,0.9533398912377735,461.34661865234375,0.969572201399531,,,0.9369367688490028,,0.9239047279032998,0.019572201399531086,0.0033398912377735623
abl_rize_plus_ankara_s42_b1,season_balanced,per_city,1.339461088180542,1.5344845056533813,2,0.9538224540173351,461.30462646484375,0.9548014253798859,,,0.952833180961621,,0.9224256643035651,0.004801425379885926,0.003822454017335164
abl_rize_plus_ankara_s42_b1,season_balanced,city_horizon,1.1224671602249146,1.805611491203308,48,0.9534326917723046,459.3118591308594,0.9538597884086335,,,0.953001100807881,,0.9229866884276023,0.0038597884086335466,0.0034326917723046524
abl_rize_plus_ankara_s42_b1,season_balanced,per_season,1.0644986629486084,1.5207935571670532,4,0.9479203400211585,409.4150085449219,0.9744280940159894,,,0.9211336455398623,,0.9350742081909522,0.028866354460137633,0.0020796599788414083
abl_rize_plus_ankara_s42_b1,season_balanced,city_season,0.6798191666603088,1.6150027513504028,8,0.9434659143636668,390.0937194824219,0.939605989549676,,,0.9473664570778215,,0.9322690875707655,0.010394010450323954,0.006534085636333176
abl_rize_plus_ankara_s42_b1,production_like,none,1.0,1.0,0,0.8128591013416719,321.6875915527344,0.8510122083140164,,,0.7749508659869795,,0.8075901694751582,0.17504913401302047,0.13714089865832801
abl_rize_plus_ankara_s42_b1,production_like,global,1.4046826362609863,1.4046826362609863,1,0.9440379549900645,451.8689270019531,0.9629269046515222,,,0.9252702370716128,,0.9350345227173965,0.024729762928387133,0.005962045009935468
abl_rize_plus_ankara_s42_b1,production_like,per_horizon,1.1599012613296509,1.5833635330200195,24,0.9453010674840956,451.2632751464844,0.9636223149435945,,,0.9270974081808132,,0.9369900053111873,0.022902591819186746,0.004698932515904364
abl_rize_plus_ankara_s42_b1,production_like,per_city,1.3180279731750488,1.5008701086044312,2,0.9451085198478103,450.9101257324219,0.9464379539483851,,,0.9437876182287188,,0.9363140360195066,0.006212381771281139,0.004891480152189653
abl_rize_plus_ankara_s42_b1,production_like,city_horizon,1.131611943244934,1.8026924133300781,48,0.9460096427856252,450.22320556640625,0.9467315716272601,,,0.945292347377472,,0.9384867944570519,0.004707652622527925,0.003990357214374796
abl_rize_plus_ankara_s42_b1,production_like,per_season,1.0303244590759277,1.591881513595581,4,0.9523868204993915,442.6024475097656,0.976649667748416,,,0.9282796953691193,,0.9624112790304669,0.02664966774841604,0.00238682049939154
abl_rize_plus_ankara_s42_b1,production_like,city_season,0.7452898025512695,1.6720131635665894,8,0.9529644634082473,432.29290771484375,0.9555091948694174,,,0.950436064365557,,0.9595142677804065,0.0055091948694174775,0.0029644634082472976
abl_rize_plus_ankara_s42_smoke,exchangeable,none,1.0,1.0,0,0.6697452200206455,242.191650390625,0.7222069420760218,,,0.617658838521755,,0.633509096955014,0.332341161478245,0.28025477997935444
abl_rize_plus_ankara_s42_smoke,exchangeable,global,2.189347743988037,2.189347743988037,1,0.947710268848146,530.2417602539062,0.9631442873645415,,,0.9323866739486619,,0.9374376514179849,0.01761332605133803,0.0022897311518539354
abl_rize_plus_ankara_s42_smoke,exchangeable,per_horizon,1.7059379816055298,2.5332164764404297,24,0.9477650798870892,529.5255126953125,0.9627592276802904,,,0.9328782086291644,,0.9379601919148735,0.017121791370835582,0.00223492011291071
abl_rize_plus_ankara_s42_smoke,exchangeable,per_city,1.9990615844726562,2.369720935821533,2,0.9475458357313162,525.01025390625,0.9479252617489045,,,0.9471691243400692,,0.9354424967935014,0.002830875659930787,0.002454164268683723
abl_rize_plus_ankara_s42_smoke,exchangeable,city_horizon,1.6649043560028076,2.7318191528320312,48,0.947134752939242,523.5377807617188,0.9480719511524286,,,0.946204259967231,,0.9362975630611372,0.003795740032768946,0.0028652470607579694
abl_rize_plus_ankara_s42_smoke,exchangeable,per_season,1.5860251188278198,2.421365737915039,4,0.9475915115971023,497.9414367675781,0.9685167867686159,,,0.926815947569634,,0.954586480452235,0.02318405243036592,0.002408488402897646
abl_rize_plus_ankara_s42_smoke,exchangeable,city_season,1.2399431467056274,2.5914835929870605,8,0.9492815186311857,490.6156311035156,0.9516658415387719,,,0.9469142545057345,,0.9560115908982946,0.003085745494265435,0.00071848136881425
abl_rize_plus_ankara_s42_smoke,temporal,none,1.0,1.0,0,0.5797064508591941,180.3294219970703,0.6159776489370641,,,0.5426171757528891,,,0.4073828242471108,0.3702935491408058
abl_rize_plus_ankara_s42_smoke,temporal,global,2.019503116607666,2.019503116607666,1,0.9104377748040527,364.17578125,0.9244181161246954,,,0.8961421145336599,,,0.05385788546634007,0.03956222519594721
abl_rize_plus_ankara_s42_smoke,temporal,per_horizon,1.6149317026138306,2.3284003734588623,24,0.90912083944009,363.0998229980469,0.9235778506007899,,,0.8943377583021868,,,0.0556622416978132,0.04087916055990992
abl_rize_plus_ankara_s42_smoke,temporal,per_city,1.7152243852615356,2.2587339878082275,2,0.8979162683999236,354.0442199707031,0.8701789765565919,,,0.9262791596855264,,,0.07982102344340802,0.0520837316000764
abl_rize_plus_ankara_s42_smoke,temporal,city_horizon,1.5325920581817627,2.583571672439575,48,0.8972790416109093,352.8774108886719,0.8707251491471305,,,0.9244318425913992,,,0.07927485085286945,0.05272095838909063
abl_rize_plus_ankara_s42_smoke,temporal,per_season,2.019503116607666,2.386152505874634,3,0.9217166889696042,384.97406005859375,0.9343752625829762,,,0.9087726081539718,,,0.041227391846028194,0.02828331103039572
abl_rize_plus_ankara_s42_smoke,temporal,city_season,1.6520488262176514,2.592742443084717,6,0.9162896408164999,379.6108093261719,0.9060373077892614,,,0.9267732096060489,,,0.04396269221073856,0.03371035918350007
abl_rize_plus_ankara_s42_smoke,season_balanced,none,1.0,1.0,0,0.6785018281705303,245.72293090820312,0.7321504403537601,,,0.6242886728734818,,0.5901973784872749,0.3257113271265182,0.27149817182946967
abl_rize_plus_ankara_s42_smoke,season_balanced,global,2.224648952484131,2.224648952484131,1,0.9531728502756176,546.6472778320312,0.9680397333874928,,,0.9381495232942142,,0.9233947059723568,0.018039733387492873,0.0031728502756176447
abl_rize_plus_ankara_s42_smoke,season_balanced,per_horizon,1.7807838916778564,2.5016846656799316,24,0.9535254923068357,545.5519409179688,0.9677627813371245,,,0.939138384611079,,0.9240577344825828,0.0177627813371245,0.0035254923068357424
abl_rize_plus_ankara_s42_smoke,season_balanced,per_city,2.0365612506866455,2.4035534858703613,2,0.9532749308636018,540.8021240234375,0.9541921308690755,,,0.9523480791835364,,0.9218136379864335,0.00419213086907555,0.003274930863601866
abl_rize_plus_ankara_s42_smoke,season_balanced,city_horizon,1.6898695230484009,2.7172110080718994,48,0.9532563707566956,539.104736328125,0.9542659847491738,,,0.952236132619363,,0.921915642372622,0.0042659847491738345,0.0032563707566956035
abl_rize_plus_ankara_s42_smoke,season_balanced,per_season,1.6525846719741821,2.405938148498535,4,0.9485606637094229,487.0374755859375,0.9693875666992855,,,0.9275145996977443,,0.9381853419697047,0.022485400302255654,0.0014393362905770202
abl_rize_plus_ankara_s42_smoke,season_balanced,city_season,1.1657029390335083,2.54992413520813,8,0.9461200096512556,470.9105529785156,0.9443326378759624,,,0.9479261898986884,,0.9368082827561585,0.005667362124037512,0.003879990348744311
abl_rize_plus_ankara_s42_smoke,production_like,none,1.0,1.0,0,0.6632649917589611,244.24221801757812,0.7124092103229794,,,0.6144361872005896,,0.6310173337839795,0.3355638127994104,0.2867350082410388
abl_rize_plus_ankara_s42_smoke,production_like,global,2.146939516067505,2.146939516067505,1,0.941896825274573,524.373291015625,0.9574099830010817,,,0.9264832330180568,,0.9320168026652503,0.02351676698194316,0.008103174725426987
abl_rize_plus_ankara_s42_smoke,production_like,per_horizon,1.7048341035842896,2.495288133621216,24,0.942351237696206,523.6583862304688,0.9572245402565291,,,0.9275733939319494,,0.9332963159673603,0.02242660606805058,0.007648762303793966
abl_rize_plus_ankara_s42_smoke,production_like,per_city,1.9524662494659424,2.3306877613067627,2,0.9417196814491905,519.0422973632812,0.9403647040642868,,,0.9430659624124801,,0.930544155279803,0.009635295935713106,0.008280318550809462
abl_rize_plus_ankara_s42_smoke,production_like,city_horizon,1.6505064964294434,2.702850103378296,48,0.9420508633836011,518.5684814453125,0.9407819502395303,,,0.9433116324775827,,0.9320892279465018,0.009218049760469693,0.007949136616398844
abl_rize_plus_ankara_s42_smoke,production_like,per_season,1.5860251188278198,2.547607660293579,4,0.9516705432924105,528.9979248046875,0.9705146036161335,,,0.932947426606068,,0.9616628844575347,0.020514603616133553,0.0016705432924105645
abl_rize_plus_ankara_s42_smoke,production_like,city_season,1.2399431467056274,2.667653799057007,8,0.9522019747685577,519.1434936523438,0.9540720135991346,,,0.9503439380911436,,0.9603109458741731,0.004072013599134672,0.0022019747685577684
abl_rize_plus_antalya_s42_b1,exchangeable,none,1.0,1.0,0,0.7991609521448964,322.7616882324219,,0.8505268225839305,,0.7486619333697433,,0.7877076252931885,0.20133806663025666,0.1508390478551036
abl_rize_plus_antalya_s42_b1,exchangeable,global,1.460253357887268,1.460253357887268,1,0.9475090193054446,471.3138122558594,,0.9719274855100642,,0.9235026397232842,,0.9328418936384089,0.026497360276715787,0.0024909806945553337
abl_rize_plus_antalya_s42_b1,exchangeable,per_horizon,1.2358944416046143,1.5267491340637207,24,0.9468113427519668,470.03399658203125,,0.9707794011443809,,0.9232477698889495,,0.9326504236273994,0.026752230111050435,0.0031886572480331887
abl_rize_plus_antalya_s42_b1,exchangeable,per_city,1.3442261219024658,1.5909059047698975,2,0.9483811149972919,469.298583984375,,0.9521878414162176,,0.9446386309848899,,0.9389689339907137,0.005361369015110085,0.0016188850027080148
abl_rize_plus_antalya_s42_b1,exchangeable,city_horizon,1.2249149084091187,1.7432478666305542,48,0.9483352152240367,468.8686828613281,,0.9527433661092902,,0.9440014563990533,,0.9381073189411708,0.005998543600946649,0.0016647847759632128
abl_rize_plus_antalya_s42_b1,exchangeable,per_season,1.1826937198638916,1.603839635848999,4,0.947270340484518,457.5048828125,,0.9779827046645557,,0.9170762789004188,,0.9514144847063328,0.032923721099581194,0.002729659515481986
abl_rize_plus_antalya_s42_b1,exchangeable,city_season,0.8378064036369324,1.7835118770599365,8,0.948436194725198,444.5286560058594,,0.9523915338036776,,0.9445476060440561,,0.9572543200421234,0.005452393955943879,0.0015638052748019327
abl_rize_plus_antalya_s42_b1,temporal,none,1.0,1.0,0,0.73588458039813,256.169921875,,0.7561890472618155,,0.7149546762899,,,0.2350453237101,0.21411541960186997
abl_rize_plus_antalya_s42_b1,temporal,global,1.392356514930725,1.392356514930725,1,0.9171479342514438,356.67987060546875,,0.9311911311161124,,0.9026721656570864,,,0.047327834342913544,0.03285206574855615
abl_rize_plus_antalya_s42_b1,temporal,per_horizon,1.1747074127197266,1.4618477821350098,24,0.9152651731505574,355.1309814453125,,0.9284612819871635,,0.9016625853847146,,,0.0483374146152854,0.03473482684944251
abl_rize_plus_antalya_s42_b1,temporal,per_city,1.1152491569519043,1.5938457250595093,2,0.8764781790103869,339.2886047363281,,0.8105359673251646,,0.9444516045882201,,,0.13946403267483531,0.07352182098961302
abl_rize_plus_antalya_s42_b1,temporal,city_horizon,1.0290530920028687,1.715956211090088,48,0.8767426117492755,338.82037353515625,,0.8110152538134534,,0.9444945654508743,,,0.13898474618654655,0.07325738825072448
abl_rize_plus_antalya_s42_b1,temporal,per_season,1.392356514930725,1.6227589845657349,3,0.9299782107423156,373.27215576171875,,0.9451321163624239,,0.9143575202990076,,,0.035642479700992324,0.020021789257684386
abl_rize_plus_antalya_s42_b1,temporal,city_season,1.1382981538772583,1.9294137954711914,6,0.9128218146432273,364.3120422363281,,0.8934733683420856,,0.932766249946299,,,0.056526631657914383,0.03717818535677264
abl_rize_plus_antalya_s42_b1,season_balanced,none,1.0,1.0,0,0.8013090489870676,326.69586181640625,,0.8547867017530855,,0.7474672089855775,,0.7500634614408286,0.20253279101442245,0.1486909510129324
abl_rize_plus_antalya_s42_b1,season_balanced,global,1.4676053524017334,1.4676053524017334,1,0.9498321851263027,479.4606018066406,,0.9778177235832622,,0.921656062839338,,0.9231355028684571,0.02834393716066197,0.00016781487369721404
abl_rize_plus_antalya_s42_b1,season_balanced,per_horizon,1.2504886388778687,1.5332456827163696,24,0.9502226684889223,478.8702392578125,,0.9771320558911827,,0.9231300259342874,,0.9242524242270397,0.027132055891182727,0.000222668488922384
abl_rize_plus_antalya_s42_b1,season_balanced,per_city,1.3667652606964111,1.5650349855422974,2,0.9498879684638198,474.7174072265625,,0.9620844297839221,,0.937608448234043,,0.9265878052495304,0.012391551765956965,0.00011203153618011275
abl_rize_plus_antalya_s42_b1,season_balanced,city_horizon,1.2202833890914917,1.7168811559677124,48,0.9502598573806004,474.2796325683594,,0.9613616989733517,,0.9390824113289923,,0.9271970350814845,0.011361698973351708,0.0002598573806004145
abl_rize_plus_antalya_s42_b1,season_balanced,per_season,1.2559770345687866,1.5947867631912231,4,0.9432962374138845,451.4646911621094,,0.9755198102368333,,0.910853219396608,,0.9413108595217545,0.03914678060339194,0.0067037625861154915
abl_rize_plus_antalya_s42_b1,season_balanced,city_season,0.7201307415962219,1.6781610250473022,8,0.9358584590782734,416.81475830078125,,0.9428672028464475,,0.928801985185738,,0.9433923947809311,0.02119801481426198,0.014141540921726592
abl_rize_plus_antalya_s42_b1,production_like,none,1.0,1.0,0,0.7989343824297009,327.49267578125,,0.8536383380990328,,0.7451787249723621,,0.7926250456370938,0.2048212750276378,0.15106561757029902
abl_rize_plus_antalya_s42_b1,production_like,global,1.4445308446884155,1.4445308446884155,1,0.9433426006954394,473.07330322265625,,0.9709682963796309,,0.9161957990418867,,0.9328708774491907,0.033804200958113206,0.006657399304560552
abl_rize_plus_antalya_s42_b1,production_like,per_horizon,1.2358944416046143,1.5106292963027954,24,0.9436368846174696,472.6819152832031,,0.9707495429616088,,0.9169942267534701,,0.9339174881343556,0.03300577324652987,0.0063631153825303155
abl_rize_plus_antalya_s42_b1,production_like,per_city,1.3574265241622925,1.5397069454193115,2,0.9451547701100467,471.204345703125,,0.9569680776262129,,0.9335462473897556,,0.9374467567238651,0.0164537526102444,0.004845229889953284
abl_rize_plus_antalya_s42_b1,production_like,city_horizon,1.234884262084961,1.6833622455596924,48,0.9453174006985371,471.079345703125,,0.9575930873919904,,0.9332545141874462,,0.9375441158573689,0.01674548581255375,0.004682599301462864
abl_rize_plus_antalya_s42_b1,production_like,per_season,1.1826937198638916,1.6823409795761108,4,0.9512805222765185,485.0830078125,,0.9814684604446945,,0.9216158948532122,,0.9596933187294633,0.031468460444694535,0.0012805222765185365
abl_rize_plus_antalya_s42_b1,production_like,city_season,0.8378064036369324,1.7242332696914673,8,0.9507074430599333,473.8136901855469,,0.9647650744542884,,0.936893502026778,,0.9561397103565779,0.01476507445428843,0.0007074430599333104
abl_rize_solo_s42_b1,exchangeable,none,1.0,1.0,0,0.7735911663317787,283.9523010253906,,,,0.7735911663317787,,0.7465350294285171,0.17640883366822124,0.17640883366822124
abl_rize_solo_s42_b1,exchangeable,global,1.6298561096191406,1.6298561096191406,1,0.9475362692867808,462.8013610839844,,,,0.9475362692867808,,0.9206379343079552,0.0024637307132191477,0.0024637307132191477
abl_rize_solo_s42_b1,exchangeable,per_horizon,1.2173566818237305,1.8601830005645752,24,0.9482367688535771,462.60382080078125,,,,0.9482367688535771,,0.9212075185114866,0.00176323114642285,0.00176323114642285
abl_rize_solo_s42_b1,exchangeable,per_city,1.6298561096191406,1.6298561096191406,1,0.9475362692867808,462.8013610839844,,,,0.9475362692867808,,0.9206379343079552,0.0024637307132191477,0.0024637307132191477
abl_rize_solo_s42_b1,exchangeable,city_horizon,1.2173566818237305,1.8601830005645752,24,0.9482367688535771,462.60382080078125,,,,0.9482367688535771,,0.9212075185114866,0.00176323114642285,0.00176323114642285
abl_rize_solo_s42_b1,exchangeable,per_season,1.3069249391555786,1.9036153554916382,4,0.9510203329216362,456.0811767578125,,,,0.9510203329216362,,0.9459844313651035,0.00102033292163628,0.00102033292163628
abl_rize_solo_s42_b1,exchangeable,city_season,1.3069249391555786,1.9036153554916382,4,0.9510203329216362,456.0811767578125,,,,0.9510203329216362,,0.9459844313651035,0.00102033292163628,0.00102033292163628
abl_rize_solo_s42_b1,temporal,none,1.0,1.0,0,0.7198522146324698,216.68252563476562,,,,0.7198522146324698,,,0.2301477853675301,0.2301477853675301
abl_rize_solo_s42_b1,temporal,global,1.6123363971710205,1.6123363971710205,1,0.9427976113760365,349.3651123046875,,,,0.9427976113760365,,,0.007202388623963496,0.007202388623963496
abl_rize_solo_s42_b1,temporal,per_horizon,1.1636964082717896,1.8649873733520508,24,0.9418524723976457,349.9747314453125,,,,0.9418524723976457,,,0.008147527602354265,0.008147527602354265
abl_rize_solo_s42_b1,temporal,per_city,1.6123363971710205,1.6123363971710205,1,0.9427976113760365,349.3651123046875,,,,0.9427976113760365,,,0.007202388623963496,0.007202388623963496
abl_rize_solo_s42_b1,temporal,city_horizon,1.1636964082717896,1.8649873733520508,24,0.9418524723976457,349.9747314453125,,,,0.9418524723976457,,,0.008147527602354265,0.008147527602354265
abl_rize_solo_s42_b1,temporal,per_season,1.5929924249649048,2.0489046573638916,3,0.9473085019547193,367.55389404296875,,,,0.9473085019547193,,,0.0026914980452806825,0.0026914980452806825
abl_rize_solo_s42_b1,temporal,city_season,1.5929924249649048,2.0489046573638916,3,0.9473085019547193,367.55389404296875,,,,0.9473085019547193,,,0.0026914980452806825,0.0026914980452806825
abl_rize_solo_s42_b1,season_balanced,none,1.0,1.0,0,0.7787749314327295,282.8915100097656,,,,0.7787749314327295,,0.7264325323475046,0.1712250685672705,0.1712250685672705
abl_rize_solo_s42_b1,season_balanced,global,1.6400405168533325,1.6400405168533325,1,0.9496986771647666,463.95355224609375,,,,0.9496986771647666,,0.905627438899158,0.0003013228352333197,0.0003013228352333197
abl_rize_solo_s42_b1,season_balanced,per_horizon,1.2350190877914429,1.8659298419952393,24,0.9500158590965913,464.3018798828125,,,,0.9500158590965913,,0.9062435818443212,1.5859096591297472e-05,1.5859096591297472e-05
abl_rize_solo_s42_b1,season_balanced,per_city,1.6400405168533325,1.6400405168533325,1,0.9496986771647666,463.95355224609375,,,,0.9496986771647666,,0.905627438899158,0.0003013228352333197,0.0003013228352333197
abl_rize_solo_s42_b1,season_balanced,city_horizon,1.2350190877914429,1.8659298419952393,24,0.9500158590965913,464.3018798828125,,,,0.9500158590965913,,0.9062435818443212,1.5859096591297472e-05,1.5859096591297472e-05
abl_rize_solo_s42_b1,season_balanced,per_season,1.5121052265167236,1.800363540649414,4,0.9449782637087897,446.1663818359375,,,,0.9449782637087897,,0.9210310125282399,0.005021736291210277,0.005021736291210277
abl_rize_solo_s42_b1,season_balanced,city_season,1.5121052265167236,1.800363540649414,4,0.9449782637087897,446.1663818359375,,,,0.9449782637087897,,0.9210310125282399,0.005021736291210277,0.005021736291210277
abl_rize_solo_s42_b1,production_like,none,1.0,1.0,0,0.7723639073001878,289.5506896972656,,,,0.7723639073001878,,0.7560115886045389,0.17763609269981218,0.17763609269981218
abl_rize_solo_s42_b1,production_like,global,1.572773814201355,1.572773814201355,1,0.9378482839979511,455.3977966308594,,,,0.9378482839979511,,0.9154514727184935,0.012151716002048896,0.012151716002048896
abl_rize_solo_s42_b1,production_like,per_horizon,1.2119935750961304,1.7416565418243408,24,0.9382829113825808,455.09210205078125,,,,0.9382829113825808,,0.9160791887976822,0.011717088617419158,0.011717088617419158
abl_rize_solo_s42_b1,production_like,per_city,1.572773814201355,1.572773814201355,1,0.9378482839979511,455.3977966308594,,,,0.9378482839979511,,0.9154514727184935,0.012151716002048896,0.012151716002048896
abl_rize_solo_s42_b1,production_like,city_horizon,1.2119935750961304,1.7416565418243408,24,0.9382829113825808,455.09210205078125,,,,0.9382829113825808,,0.9160791887976822,0.011717088617419158,0.011717088617419158
abl_rize_solo_s42_b1,production_like,per_season,1.3069249391555786,1.8493648767471313,4,0.9489933719323844,473.4546813964844,,,,0.9489933719323844,,0.9433124094640271,0.0010066280676155337,0.0010066280676155337
abl_rize_solo_s42_b1,production_like,city_season,1.3069249391555786,1.8493648767471313,4,0.9489933719323844,473.4546813964844,,,,0.9489933719323844,,0.9433124094640271,0.0010066280676155337,0.0010066280676155337
abl_rize_solo_s42_smoke,exchangeable,none,1.0,1.0,0,0.616181539992995,216.40780639648438,,,,0.616181539992995,,0.5892348585532561,0.333818460007005,0.333818460007005
abl_rize_solo_s42_smoke,exchangeable,global,2.505859851837158,2.505859851837158,1,0.9488635316238686,542.2876586914062,,,,0.9488635316238686,,0.9363014999050693,0.0011364683761313499,0.0011364683761313499
abl_rize_solo_s42_smoke,exchangeable,per_horizon,1.9673346281051636,2.807114839553833,24,0.9484395450439655,539.9666137695312,,,,0.9484395450439655,,0.9378203911144865,0.0015604549560344072,0.0015604549560344072
abl_rize_solo_s42_smoke,exchangeable,per_city,2.505859851837158,2.505859851837158,1,0.9488635316238686,542.2876586914062,,,,0.9488635316238686,,0.9363014999050693,0.0011364683761313499,0.0011364683761313499
abl_rize_solo_s42_smoke,exchangeable,city_horizon,1.9673346281051636,2.807114839553833,24,0.9484395450439655,539.9666137695312,,,,0.9484395450439655,,0.9378203911144865,0.0015604549560344072,0.0015604549560344072
abl_rize_solo_s42_smoke,exchangeable,per_season,1.932429313659668,2.8611602783203125,4,0.9522922926613453,522.3800048828125,,,,0.9522922926613453,,0.9488323523827605,0.002292292661345341,0.002292292661345341
abl_rize_solo_s42_smoke,exchangeable,city_season,1.932429313659668,2.8611602783203125,4,0.9522922926613453,522.3800048828125,,,,0.9522922926613453,,0.9488323523827605,0.002292292661345341,0.002292292661345341
abl_rize_solo_s42_smoke,temporal,none,1.0,1.0,0,0.5356145551402672,159.35398864746094,,,,0.5356145551402672,,,0.4143854448597327,0.4143854448597327
abl_rize_solo_s42_smoke,temporal,global,2.3139376640319824,2.3139376640319824,1,0.917300339390815,368.7351989746094,,,,0.917300339390815,,,0.032699660609184944,0.032699660609184944
abl_rize_solo_s42_smoke,temporal,per_horizon,1.8165111541748047,2.6505255699157715,24,0.9172788589594879,368.22344970703125,,,,0.9172788589594879,,,0.03272114104051205,0.03272114104051205
abl_rize_solo_s42_smoke,temporal,per_city,2.3139376640319824,2.3139376640319824,1,0.917300339390815,368.7351989746094,,,,0.917300339390815,,,0.032699660609184944,0.032699660609184944
abl_rize_solo_s42_smoke,temporal,city_horizon,1.8165111541748047,2.6505255699157715,24,0.9172788589594879,368.22344970703125,,,,0.9172788589594879,,,0.03272114104051205,0.03272114104051205
abl_rize_solo_s42_smoke,temporal,per_season,2.3139376640319824,2.8017635345458984,3,0.9287064484254843,395.77691650390625,,,,0.9287064484254843,,,0.021293551574515623,0.021293551574515623
abl_rize_solo_s42_smoke,temporal,city_season,2.3139376640319824,2.8017635345458984,3,0.9287064484254843,395.77691650390625,,,,0.9287064484254843,,,0.021293551574515623,0.021293551574515623
abl_rize_solo_s42_smoke,season_balanced,none,1.0,1.0,0,0.6216206130940165,217.76612854003906,,,,0.6216206130940165,,0.5619223659889094,0.32837938690598345,0.32837938690598345
abl_rize_solo_s42_smoke,season_balanced,global,2.484548807144165,2.484548807144165,1,0.946284306957479,541.0505981445312,,,,0.946284306957479,,0.9127130827685357,0.003715693042520951,0.003715693042520951
abl_rize_solo_s42_smoke,season_balanced,per_horizon,2.0220351219177246,2.7865042686462402,24,0.9468813552997369,539.6995239257812,,,,0.9468813552997369,,0.9147668925857465,0.003118644700263018,0.003118644700263018
abl_rize_solo_s42_smoke,season_balanced,per_city,2.484548807144165,2.484548807144165,1,0.946284306957479,541.0505981445312,,,,0.946284306957479,,0.9127130827685357,0.003715693042520951,0.003715693042520951
abl_rize_solo_s42_smoke,season_balanced,city_horizon,2.0220351219177246,2.7865042686462402,24,0.9468813552997369,539.6995239257812,,,,0.9468813552997369,,0.9147668925857465,0.003118644700263018,0.003118644700263018
abl_rize_solo_s42_smoke,season_balanced,per_season,2.042937994003296,2.7365286350250244,4,0.9457992051793944,503.0950927734375,,,,0.9457992051793944,,0.921236393509961,0.004200794820605536,0.004200794820605536
abl_rize_solo_s42_smoke,season_balanced,city_season,2.042937994003296,2.7365286350250244,4,0.9457992051793944,503.0950927734375,,,,0.9457992051793944,,0.921236393509961,0.004200794820605536,0.004200794820605536
abl_rize_solo_s42_smoke,production_like,none,1.0,1.0,0,0.617838349657731,220.4354705810547,,,,0.617838349657731,,0.6076291646547561,0.33216165034226897,0.33216165034226897
abl_rize_solo_s42_smoke,production_like,global,2.4651851654052734,2.4651851654052734,1,0.9451127702839048,543.4141845703125,,,,0.9451127702839048,,0.9357798165137615,0.004887229716095121,0.004887229716095121
abl_rize_solo_s42_smoke,production_like,per_horizon,1.9765187501907349,2.769325017929077,24,0.9456405321080981,543.0554809570312,,,,0.9456405321080981,,0.9376629647513278,0.0043594678919018914,0.0043594678919018914
abl_rize_solo_s42_smoke,production_like,per_city,2.4651851654052734,2.4651851654052734,1,0.9451127702839048,543.4141845703125,,,,0.9451127702839048,,0.9357798165137615,0.004887229716095121,0.004887229716095121
abl_rize_solo_s42_smoke,production_like,city_horizon,1.9765187501907349,2.769325017929077,24,0.9456405321080981,543.0554809570312,,,,0.9456405321080981,,0.9376629647513278,0.0043594678919018914,0.0043594678919018914
abl_rize_solo_s42_smoke,production_like,per_season,1.932429313659668,2.8611602783203125,4,0.953619049097372,550.1575317382812,,,,0.953619049097372,,0.9533558667310478,0.0036190490973720957,0.0036190490973720957
abl_rize_solo_s42_smoke,production_like,city_season,1.932429313659668,2.8611602783203125,4,0.953619049097372,550.1575317382812,,,,0.953619049097372,,0.9533558667310478,0.0036190490973720957,0.0036190490973720957
abl_rize_solo_s43_b1,exchangeable,none,1.0,1.0,0,0.78767489446421,289.1112976074219,,,,0.78767489446421,,0.7769128536168597,0.16232510553578994,0.16232510553578994
abl_rize_solo_s43_b1,exchangeable,global,1.5396432876586914,1.5396432876586914,1,0.9497115047836747,445.1282958984375,,,,0.9497115047836747,,0.9341180937915322,0.0002884952163252352,0.0002884952163252352
abl_rize_solo_s43_b1,exchangeable,per_horizon,1.206081509590149,1.8332421779632568,24,0.950412004350471,445.3977966308594,,,,0.950412004350471,,0.9369660148091893,0.00041200435047106243,0.00041200435047106243
abl_rize_solo_s43_b1,exchangeable,per_city,1.5396432876586914,1.5396432876586914,1,0.9497115047836747,445.1282958984375,,,,0.9497115047836747,,0.9341180937915322,0.0002884952163252352,0.0002884952163252352
abl_rize_solo_s43_b1,exchangeable,city_horizon,1.206081509590149,1.8332421779632568,24,0.950412004350471,445.3977966308594,,,,0.950412004350471,,0.9369660148091893,0.00041200435047106243,0.00041200435047106243
abl_rize_solo_s43_b1,exchangeable,per_season,1.2255752086639404,1.7594748735427856,4,0.95470717274688,435.1890869140625,,,,0.95470717274688,,0.9543383330168976,0.0047071727468800395,0.0047071727468800395
abl_rize_solo_s43_b1,exchangeable,city_season,1.2255752086639404,1.7594748735427856,4,0.95470717274688,435.1890869140625,,,,0.95470717274688,,0.9543383330168976,0.0047071727468800395,0.0047071727468800395
abl_rize_solo_s43_b1,temporal,none,1.0,1.0,0,0.7266829917944753,220.02333068847656,,,,0.7266829917944753,,,0.2233170082055247,0.2233170082055247
abl_rize_solo_s43_b1,temporal,global,1.4693843126296997,1.4693843126296997,1,0.9274176225458607,323.298828125,,,,0.9274176225458607,,,0.02258237745413927,0.02258237745413927
abl_rize_solo_s43_b1,temporal,per_horizon,1.1035057306289673,1.6652125120162964,24,0.9214675430682648,321.09832763671875,,,,0.9214675430682648,,,0.028532456931735117,0.028532456931735117
abl_rize_solo_s43_b1,temporal,per_city,1.4693843126296997,1.4693843126296997,1,0.9274176225458607,323.298828125,,,,0.9274176225458607,,,0.02258237745413927,0.02258237745413927
abl_rize_solo_s43_b1,temporal,city_horizon,1.1035057306289673,1.6652125120162964,24,0.9214675430682648,321.09832763671875,,,,0.9214675430682648,,,0.028532456931735117,0.028532456931735117
abl_rize_solo_s43_b1,temporal,per_season,1.4693843126296997,1.7016900777816772,3,0.94262576792542,347.892822265625,,,,0.94262576792542,,,0.007374232074579989,0.007374232074579989
abl_rize_solo_s43_b1,temporal,city_season,1.4693843126296997,1.7016900777816772,3,0.94262576792542,347.892822265625,,,,0.94262576792542,,,0.007374232074579989,0.007374232074579989
abl_rize_solo_s43_b1,season_balanced,none,1.0,1.0,0,0.7904733473888463,292.6301574707031,,,,0.7904733473888463,,0.743787225302937,0.15952665261115362,0.15952665261115362
abl_rize_solo_s43_b1,season_balanced,global,1.5426228046417236,1.5426228046417236,1,0.950407672071198,451.4178771972656,,,,0.950407672071198,,0.9088108441158349,0.00040767207119807303,0.00040767207119807303
abl_rize_solo_s43_b1,season_balanced,per_horizon,1.2381985187530518,1.777275562286377,24,0.9509487471313693,450.8454895019531,,,,0.9509487471313693,,0.9095296775518587,0.0009487471313693874,0.0009487471313693874
abl_rize_solo_s43_b1,season_balanced,per_city,1.5426228046417236,1.5426228046417236,1,0.950407672071198,451.4178771972656,,,,0.950407672071198,,0.9088108441158349,0.00040767207119807303,0.00040767207119807303
abl_rize_solo_s43_b1,season_balanced,city_horizon,1.2381985187530518,1.777275562286377,24,0.9509487471313693,450.8454895019531,,,,0.9509487471313693,,0.9095296775518587,0.0009487471313693874,0.0009487471313693874
abl_rize_solo_s43_b1,season_balanced,per_season,1.3354514837265015,1.613808274269104,4,0.9484672649588597,425.7633056640625,,,,0.9484672649588597,,0.9202094886013555,0.0015327350411402652,0.0015327350411402652
abl_rize_solo_s43_b1,season_balanced,city_season,1.3354514837265015,1.613808274269104,4,0.9484672649588597,425.7633056640625,,,,0.9484672649588597,,0.9202094886013555,0.0015327350411402652,0.0015327350411402652
abl_rize_solo_s43_b1,production_like,none,1.0,1.0,0,0.7900594508172547,294.5656433105469,,,,0.7900594508172547,,0.7896185417672622,0.15994054918274525,0.15994054918274525
abl_rize_solo_s43_b1,production_like,global,1.5198991298675537,1.5198991298675537,1,0.9451748599102805,447.7100524902344,,,,0.9451748599102805,,0.933220666344761,0.00482514008971946,0.00482514008971946
abl_rize_solo_s43_b1,production_like,per_horizon,1.2091882228851318,1.812894344329834,24,0.9459820250531642,447.8085021972656,,,,0.9459820250531642,,0.9346692419121198,0.004017974946835756,0.004017974946835756
abl_rize_solo_s43_b1,production_like,per_city,1.5198991298675537,1.5198991298675537,1,0.9451748599102805,447.7100524902344,,,,0.9451748599102805,,0.933220666344761,0.00482514008971946,0.00482514008971946
abl_rize_solo_s43_b1,production_like,city_horizon,1.2091882228851318,1.812894344329834,24,0.9459820250531642,447.8085021972656,,,,0.9459820250531642,,0.9346692419121198,0.004017974946835756,0.004017974946835756
abl_rize_solo_s43_b1,production_like,per_season,1.2255752086639404,1.7594748735427856,4,0.9568166648557193,459.6575622558594,,,,0.9568166648557193,,0.959343312409464,0.006816664855719301,0.006816664855719301
abl_rize_solo_s43_b1,production_like,city_season,1.2255752086639404,1.7594748735427856,4,0.9568166648557193,459.6575622558594,,,,0.9568166648557193,,0.959343312409464,0.006816664855719301,0.006816664855719301
abl_rize_solo_s44_b1,exchangeable,none,1.0,1.0,0,0.7690194849484764,286.93145751953125,,,,0.7690194849484764,,0.7547940003797228,0.18098051505152357,0.18098051505152357
abl_rize_solo_s44_b1,exchangeable,global,1.619674563407898,1.619674563407898,1,0.9480339926631888,464.73553466796875,,,,0.9480339926631888,,0.9256692614391494,0.001966007336811182,0.001966007336811182
abl_rize_solo_s44_b1,exchangeable,per_horizon,1.3180890083312988,1.8476202487945557,24,0.9492875182037717,475.8525390625,,,,0.9492875182037717,,0.9331687867856465,0.0007124817962282926,0.0007124817962282926
abl_rize_solo_s44_b1,exchangeable,per_city,1.619674563407898,1.619674563407898,1,0.9480339926631888,464.73553466796875,,,,0.9480339926631888,,0.9256692614391494,0.001966007336811182,0.001966007336811182
abl_rize_solo_s44_b1,exchangeable,city_horizon,1.3180890083312988,1.8476202487945557,24,0.9492875182037717,475.8525390625,,,,0.9492875182037717,,0.9331687867856465,0.0007124817962282926,0.0007124817962282926
abl_rize_solo_s44_b1,exchangeable,per_season,1.2818481922149658,2.1166880130767822,4,0.9502645307574612,473.00201416015625,,,,0.9502645307574612,,0.9579456996392633,0.00026453075746124544,0.00026453075746124544
abl_rize_solo_s44_b1,exchangeable,city_season,1.2818481922149658,2.1166880130767822,4,0.9502645307574612,473.00201416015625,,,,0.9502645307574612,,0.9579456996392633,0.00026453075746124544,0.00026453075746124544
abl_rize_solo_s44_b1,temporal,none,1.0,1.0,0,0.700197619968209,216.91885375976562,,,,0.700197619968209,,,0.249802380031791,0.249802380031791
abl_rize_solo_s44_b1,temporal,global,1.5743913650512695,1.5743913650512695,1,0.9363534819779181,341.51519775390625,,,,0.9363534819779181,,,0.013646518022081833,0.013646518022081833
abl_rize_solo_s44_b1,temporal,per_horizon,1.1864866018295288,1.739843487739563,24,0.9268376509000301,341.0223693847656,,,,0.9268376509000301,,,0.023162349099969837,0.023162349099969837
abl_rize_solo_s44_b1,temporal,per_city,1.5743913650512695,1.5743913650512695,1,0.9363534819779181,341.51519775390625,,,,0.9363534819779181,,,0.013646518022081833,0.013646518022081833
abl_rize_solo_s44_b1,temporal,city_horizon,1.1864866018295288,1.739843487739563,24,0.9268376509000301,341.0223693847656,,,,0.9268376509000301,,,0.023162349099969837,0.023162349099969837
abl_rize_solo_s44_b1,temporal,per_season,1.4984060525894165,2.2405126094818115,3,0.9362460798212828,366.7920227050781,,,,0.9362460798212828,,,0.013753920178717127,0.013753920178717127
abl_rize_solo_s44_b1,temporal,city_season,1.4984060525894165,2.2405126094818115,3,0.9362460798212828,366.7920227050781,,,,0.9362460798212828,,,0.013753920178717127,0.013753920178717127
abl_rize_solo_s44_b1,season_balanced,none,1.0,1.0,0,0.7673563818870459,286.07891845703125,,,,0.7673563818870459,,0.6845348120764018,0.18264361811295404,0.18264361811295404
abl_rize_solo_s44_b1,season_balanced,global,1.560738205909729,1.560738205909729,1,0.9349777039759688,446.4942932128906,,,,0.9349777039759688,,0.8586978845758882,0.015022296024031156,0.015022296024031156
abl_rize_solo_s44_b1,season_balanced,per_horizon,1.3005648851394653,1.707152247428894,24,0.9368061645241338,452.1609191894531,,,,0.9368061645241338,,0.865988909426987,0.013193835475866167,0.013193835475866167
abl_rize_solo_s44_b1,season_balanced,per_city,1.560738205909729,1.560738205909729,1,0.9349777039759688,446.4942932128906,,,,0.9349777039759688,,0.8586978845758882,0.015022296024031156,0.015022296024031156
abl_rize_solo_s44_b1,season_balanced,city_horizon,1.3005648851394653,1.707152247428894,24,0.9368061645241338,452.1609191894531,,,,0.9368061645241338,,0.865988909426987,0.013193835475866167,0.013193835475866167
abl_rize_solo_s44_b1,season_balanced,per_season,1.4062421321868896,1.7023745775222778,4,0.9335970296844973,428.5322265625,,,,0.9335970296844973,,0.8785171493119737,0.01640297031550264,0.01640297031550264
abl_rize_solo_s44_b1,season_balanced,city_season,1.4062421321868896,1.7023745775222778,4,0.9335970296844973,428.5322265625,,,,0.9335970296844973,,0.8785171493119737,0.01640297031550264,0.01640297031550264
abl_rize_solo_s44_b1,production_like,none,1.0,1.0,0,0.7700821135308819,292.2106018066406,,,,0.7700821135308819,,0.7650893288266538,0.1799178864691181,0.1799178864691181
abl_rize_solo_s44_b1,production_like,global,1.5559017658233643,1.5559017658233643,1,0.9363891777781227,454.6510314941406,,,,0.9363891777781227,,0.9153066151617576,0.013610822221877261,0.013610822221877261
abl_rize_solo_s44_b1,production_like,per_horizon,1.3120213747024536,1.752577304840088,24,0.9388572404265557,464.0055236816406,,,,0.9388572404265557,,0.9219700627716079,0.011142759573444239,0.011142759573444239
abl_rize_solo_s44_b1,production_like,per_city,1.5559017658233643,1.5559017658233643,1,0.9363891777781227,454.6510314941406,,,,0.9363891777781227,,0.9153066151617576,0.013610822221877261,0.013610822221877261
abl_rize_solo_s44_b1,production_like,city_horizon,1.3120213747024536,1.752577304840088,24,0.9388572404265557,464.0055236816406,,,,0.9388572404265557,,0.9219700627716079,0.011142759573444239,0.011142759573444239
abl_rize_solo_s44_b1,production_like,per_season,1.2818481922149658,2.3960890769958496,4,0.9547056175589463,539.8320922851562,,,,0.9547056175589463,,0.9648478995654274,0.0047056175589463844,0.0047056175589463844
abl_rize_solo_s44_b1,production_like,city_season,1.2818481922149658,2.3960890769958496,4,0.9547056175589463,539.8320922851562,,,,0.9547056175589463,,0.9648478995654274,0.0047056175589463844,0.0047056175589463844
smoke_kt_check,exchangeable,none,1.0,1.0,0,0.7681883180365663,263.20233154296875,0.781579478152447,0.8176966240792528,0.7851167527460536,0.6842037228541882,0.7713834672789897,0.7474647726841126,0.2657962771458118,0.18181168196343367
smoke_kt_check,exchangeable,global,2.1001524925231934,2.1001524925231934,1,0.950615032174281,552.76513671875,0.9566532812585951,0.9696587523532745,0.9544446060958754,0.9200952873393411,0.9518871986222732,0.9431995138440503,0.02990471266065886,0.0006150321742810494
smoke_kt_check,exchangeable,per_horizon,1.6078286170959473,2.7199718952178955,24,0.9501809347321728,550.2078247070312,0.9557731448374498,0.9700243095538374,0.9536626172983196,0.9196705569508051,0.9514387198622273,0.9421550381708382,0.030329443049194826,0.00018093473217284384
smoke_kt_check,exchangeable,per_city,1.7572184801101685,2.5445432662963867,5,0.9504399340463718,543.7621459960938,0.9478702532225828,0.9480725996600318,0.9540445188041027,0.9522270645590191,0.9499856486796785,0.9428386949751225,0.004044518804102726,0.0004399340463718815
smoke_kt_check,exchangeable,city_horizon,1.3150265216827393,3.155456304550171,120,0.9504107510250536,543.1063842773438,0.9477602361699397,0.9482919339803696,0.9532261584345676,0.9519500664795391,0.950810849598163,0.9417752288351248,0.0032261584345676386,0.00041075102505361283
smoke_kt_check,exchangeable,per_season,1.644522786140442,2.368227005004883,4,0.9510126508397414,531.751953125,0.9585052349780883,0.97059092321471,0.9553720811813486,0.9160511153789334,0.9541295924225028,0.9592084773443731,0.0339488846210666,0.0010126508397414469
smoke_kt_check,exchangeable,city_season,1.3415554761886597,2.805805206298828,20,0.9509980593290823,520.8310546875,0.9493554834332655,0.9488768255012703,0.9539899614461337,0.9511929383956271,0.9515463547646383,0.9594553534125869,0.003989961446133727,0.000998059329082368
smoke_kt_check,temporal,none,1.0,1.0,0,0.7168617951823443,196.039306640625,0.7390345349130325,0.7667958656330749,0.703975420115375,0.6491386347037849,0.7235052926655788,,0.3008613652962151,0.23313820481765568
smoke_kt_check,temporal,global,1.9244288206100464,1.9244288206100464,1,0.9201655228098506,377.2637939453125,0.930951180573061,0.9470075852296408,0.9094766323885962,0.889160974352365,0.9233714070540981,,0.06083902564763499,0.02983447719014931
smoke_kt_check,temporal,per_horizon,1.4354894161224365,2.536513566970825,24,0.9193160409097026,376.99774169921875,0.9297538022014957,0.9469242310577645,0.9089959033525625,0.8885380418438802,0.9215095602694447,,0.06146195815611977,0.030683959090297308
smoke_kt_check,temporal,per_city,1.5854096412658691,2.436758041381836,5,0.9150770421208451,367.07696533203125,0.9213931602386354,0.9097065933149954,0.8841652035782961,0.937706749151523,0.9230785322789842,,0.06583479642170387,0.03492295787915489
smoke_kt_check,temporal,city_horizon,1.1795754432678223,2.899204969406128,120,0.9134916229309649,367.7674865722656,0.9194815561717503,0.9061223639243144,0.8845623275645849,0.936310521115264,0.9216559976570018,,0.0654376724354151,0.03650837706903509
smoke_kt_check,temporal,per_season,1.8408693075180054,2.2770514488220215,3,0.9229410577311263,385.0846252441406,0.9334929837828754,0.9487996999249813,0.9130089457403228,0.8923185977574429,0.9262373959248567,,0.05768140224255702,0.02705894226887362
smoke_kt_check,temporal,city_season,1.439449429512024,2.7516398429870605,15,0.9189459695868658,376.173583984375,0.9255944878581632,0.9267316829207302,0.8999456567176658,0.9194698629548481,0.9230157733986025,,0.05005434328233416,0.031054030413134148
smoke_kt_check,season_balanced,none,1.0,1.0,0,0.7704542849642658,263.8825378417969,0.7881316814682151,0.8236722137800675,0.792856747736618,0.6830419613038043,0.7638674884437596,0.7151758712374922,0.2669580386961956,0.17954571503573413
smoke_kt_check,season_balanced,global,2.0829250812530518,2.0829250812530518,1,0.9481789040518507,549.6476440429688,0.9571093591329555,0.969404395685853,0.9534785093946491,0.9133533593298132,0.9472631887886125,0.9280886561529562,0.03664664067018675,0.0018210959481492761
smoke_kt_check,season_balanced,per_horizon,1.5795093774795532,2.6901612281799316,24,0.9483933463724123,548.0075073242188,0.9576078728236185,0.9701827211741596,0.9535891431416297,0.9138198033472023,0.9464927727639592,0.9283119202744119,0.0361801966527977,0.0016066536275876064
smoke_kt_check,season_balanced,per_city,1.7746812105178833,2.4721932411193848,5,0.9485153566582492,541.1685791015625,0.9511271948449992,0.9506689892887588,0.9539210443825715,0.9437841670242737,0.9430625871303837,0.9289614159004648,0.006937412869616244,0.001484643341750802
smoke_kt_check,season_balanced,city_horizon,1.3403401374816895,2.9088916778564453,120,0.9490070950829855,541.234130859375,0.9521242222263252,0.9509284311181943,0.9544373352018144,0.945052894751572,0.9424939467312349,0.9290628995920356,0.007506053268765078,0.0009929049170144255
smoke_kt_check,season_balanced,per_season,1.6515674591064453,2.313213586807251,4,0.9443115477189622,506.2143859863281,0.9542290578091246,0.9672547348133872,0.9496800840816477,0.9053864955128086,0.9446767921344192,0.9456656315330126,0.04461350448719137,0.005688452281037759
smoke_kt_check,season_balanced,city_season,1.3032112121582031,2.7288734912872314,20,0.9429509481678122,493.3560791015625,0.9456250807776814,0.9432563655906008,0.9476886766359965,0.9390450958076012,0.9391187908137061,0.946781952140291,0.010954904192398751,0.007049051832187736
smoke_kt_check,production_like,none,1.0,1.0,0,0.7642374256771975,267.11798095703125,0.7755679184051923,0.8178152662557353,0.7861310140980207,0.6785830303967825,0.7630299137456414,0.7450764478312983,0.2714169696032175,0.1857625743228024
smoke_kt_check,production_like,global,2.066835880279541,2.066835880279541,1,0.9467035696543893,552.089111328125,0.9521403183433782,0.967975158733837,0.9523360002476052,0.9143475906876015,0.9466874655900165,0.9390366306434481,0.035652409312398436,0.003296430345610668
smoke_kt_check,production_like,per_horizon,1.5641200542449951,2.7068169116973877,24,0.9463857596430654,550.1414794921875,0.9518467006645032,0.9681759898657522,0.9517015119392129,0.9140072704772217,0.9461674925062703,0.9385688810064413,0.03599272952277821,0.003614240356934584
smoke_kt_check,production_like,per_city,1.7523086071014404,2.497134208679199,5,0.9465863193589494,543.5237426757812,0.9412610106629579,0.947598523118753,0.9548275275073894,0.9474205274963261,0.94188536122836,0.9390756097798654,0.008738989337042091,0.0034136806410505205
smoke_kt_check,production_like,city_horizon,1.302870512008667,3.1445987224578857,120,0.9464351281885138,543.3049926757812,0.9401638077576882,0.947382243438229,0.9538371067333137,0.9475597494005723,0.9432770538936808,0.9382667926992078,0.009836192242311803,0.0035648718114861255
smoke_kt_check,production_like,per_season,1.644522786140442,2.5521528720855713,4,0.9555683090964631,575.3692626953125,0.9619224231185288,0.9738919528510297,0.9604450703353503,0.9238146801763477,0.9577139536306356,0.9667702862043092,0.026185319823652242,0.005568309096463109
smoke_kt_check,production_like,city_season,1.3415554761886597,2.952218770980835,20,0.955827493960067,567.1016235351562,0.9506876835110493,0.9562651588883224,0.9615283430569956,0.9543042772062804,0.9563528476172998,0.9675206345803409,0.011528343056995682,0.005827493960067098
smoke_raw_check,exchangeable,none,1.0,1.0,0,0.8220528796346286,291.61944580078125,0.8306470836312961,0.8652007822924092,0.8369098712446352,0.750960260008864,0.825703214695752,0.7968020053932926,0.199039739991136,0.12794712036537137
smoke_raw_check,exchangeable,global,1.6270427703857422,1.6270427703857422,1,0.9483569958997855,474.4773254394531,0.956616608907714,0.9670632962292774,0.9553175238233796,0.9107881518688137,0.9515463547646383,0.9360401078658513,0.03921184813118628,0.0016430041002144513
smoke_raw_check,exchangeable,per_horizon,1.2181146144866943,1.937567114830017,24,0.9487692060759051,474.18719482421875,0.9563965748024277,0.9669901847891649,0.9560085836909872,0.9119330772639976,0.9520665901262916,0.9363819362679935,0.03806692273600232,0.001230793924094864
smoke_raw_check,exchangeable,per_city,1.4305000305175781,2.002426862716675,5,0.9480140953992967,466.4212646484375,0.9467150741698297,0.949589662042368,0.9520077107732596,0.9493278179937953,0.9425229621125144,0.9344259181890691,0.007477037887485549,0.0019859046007032477
smoke_raw_check,exchangeable,city_horizon,1.1287041902542114,2.718588352203369,120,0.9484737279850582,465.9721984863281,0.9467334103452701,0.9494251613021147,0.9529351858587328,0.9503988772344512,0.9429714408725602,0.9351475559269247,0.007028559127439715,0.0015262720149417097
smoke_raw_check,exchangeable,per_season,1.2224035263061523,1.874884009361267,4,0.9499948929712693,454.3213806152344,0.9604672057502246,0.9702801995942315,0.958554593729541,0.906263849903974,0.9538784443168772,0.9586387633408029,0.04373615009602594,5.10702873068869e-06
smoke_raw_check,exchangeable,city_season,0.9710158109664917,2.2601637840270996,20,0.9499146396626442,444.9520263671875,0.9498505601701597,0.9492972162819178,0.9544446060958754,0.9502696114640272,0.9457699483352469,0.9582969349386607,0.004444606095875492,8.536033735573323e-05
smoke_raw_check,temporal,none,1.0,1.0,0,0.7732430022877136,221.5647735595703,0.7904377783379548,0.805951487871968,0.7665119973246384,0.7198307342011427,0.7820384084347936,,0.23016926579885721,0.17675699771228637
smoke_raw_check,temporal,global,1.4857699871063232,1.4857699871063232,1,0.9119440519445566,329.1942443847656,0.9274010587345601,0.9311494540301742,0.9058398127246886,0.8728573269751256,0.9214468013890632,,0.07714267302487432,0.03805594805544332
smoke_raw_check,temporal,per_horizon,1.1331899166107178,1.6492115259170532,24,0.9119608733683219,328.10772705078125,0.9272119989916814,0.9314620321747104,0.9064668505977761,0.8734158181896292,0.9202334630350194,,0.07658418181037074,0.03803912663167808
smoke_raw_check,temporal,per_city,1.2038496732711792,1.943178653717041,5,0.9036048311129053,320.1878356933594,0.9193975296193597,0.8747186796699175,0.8705793829947329,0.9387592902865489,0.9156939040207522,,0.07942061700526704,0.04639516888709461
smoke_raw_check,temporal,city_horizon,1.0209258794784546,2.398746967315674,120,0.9038655631812677,319.49737548828125,0.9204478615242416,0.8744269400683504,0.872836719337848,0.9383941229539889,0.9143341282791515,,0.07716328066215195,0.046134436818732305
smoke_raw_check,temporal,per_season,1.4558109045028687,1.8086273670196533,3,0.9186011303996771,340.759521484375,0.9333249306780943,0.9358172876552472,0.913531477301229,0.88108433217339,0.9282665997238609,,0.06891566782660996,0.0313988696003229
smoke_raw_check,temporal,city_season,1.0571812391281128,2.277705669403076,15,0.9110020522136993,331.9508056640625,0.9257415343248466,0.9002042177210969,0.8972075913385168,0.9169996133522361,0.9151290740973181,,0.05279240866148316,0.03899794778630061
smoke_raw_check,season_balanced,none,1.0,1.0,0,0.8234954837707833,292.246337890625,0.8388877605657207,0.8645157703569178,0.8407980380948868,0.7553780995204955,0.8173563724411183,0.7646390225090828,0.19462190047950445,0.12650451622921666
smoke_raw_check,season_balanced,global,1.638594388961792,1.638594388961792,1,0.9504490348246935,478.87322998046875,0.9604697106774247,0.9686260701975464,0.9590470746593402,0.9112636901319103,0.9524726685743635,0.9228115041912764,0.038736309868089625,0.000449034824693495
smoke_raw_check,season_balanced,per_horizon,1.2074873447418213,1.9313616752624512,24,0.9502900517249666,477.4089660644531,0.9603404663872528,0.9684036914866017,0.9587520513340586,0.9115995298244305,0.9519957443686258,0.9230753617893604,0.03840047017556947,0.00029005172496665566
smoke_raw_check,season_balanced,per_city,1.4311394691467285,1.9765281677246094,5,0.9494211905985529,469.70880126953125,0.9528627610273075,0.9496682850895074,0.9577932255268932,0.9452208145978319,0.9415584415584416,0.9200308510422375,0.008441558441558361,0.0005788094014470557
smoke_raw_check,season_balanced,city_horizon,1.1624932289123535,2.511619806289673,120,0.9498352861141203,469.2706604003906,0.9539521057587563,0.9499462584781884,0.9578485424003835,0.9459298095042633,0.9415034118423949,0.9214719194625424,0.008496588157605012,0.00016471388587968594
smoke_raw_check,season_balanced,per_season,1.163138508796692,1.8574374914169312,4,0.9403406675071819,423.5641784667969,0.9534166651280441,0.9645305956043142,0.9507864215514539,0.890012500699666,0.9424939467312349,0.946639874972092,0.05998749930033398,0.009659332492818029
smoke_raw_check,season_balanced,city_season,0.8837339878082275,2.1271326541900635,20,0.9357708277103846,412.2543640136719,0.936356418825354,0.9372892035135836,0.9377132004499106,0.939436908782208,0.9281495340817375,0.9446913880939333,0.02185046591826245,0.0142291722896154
smoke_raw_check,production_like,none,1.0,1.0,0,0.8175647113637134,295.27545166015625,0.8220522330397156,0.8638828382073505,0.8363793930577694,0.7468017634774538,0.8186364470545054,0.7949210185248345,0.2031982365225462,0.1324352886362865
smoke_raw_check,production_like,global,1.5961589813232422,1.5961589813232422,1,0.9434791865297923,471.3065490722656,0.9505022407664967,0.9648854490120653,0.9532490443987063,0.9030860855441256,0.9456169327705389,0.932741500112065,0.04691391445587434,0.006520813470207609
smoke_raw_check,production_like,per_horizon,1.1958949565887451,1.8921688795089722,24,0.9436550619729522,470.6786804199219,0.9501622624014835,0.9649317946578919,0.9532954703724911,0.903859540567716,0.9459686792683673,0.932965630146464,0.04614045943228395,0.00634493802704772
smoke_raw_check,production_like,per_city,1.4317189455032349,1.9398956298828125,5,0.9424270194049239,463.28564453125,0.9351568536547674,0.9498540112156463,0.9541311379006174,0.941480392915152,0.9316388328133602,0.9305781580409086,0.018361167186639715,0.007572980595076051
smoke_raw_check,production_like,city_horizon,1.1218183040618896,2.646932601928711,120,0.9430379551548476,463.64117431640625,0.9363931386184515,0.949560488792078,0.9547346755598198,0.9422538479387423,0.9323729124610021,0.931318761632836,0.017627087538997888,0.006962044845152393
smoke_raw_check,production_like,per_season,1.2224035263061523,2.054591417312622,4,0.9556176776419114,496.9222412109375,0.9652140318343378,0.9744635491495574,0.9646543586251721,0.9147807255008121,0.9589068330580535,0.9680273633537649,0.035219274499187825,0.005617677641911456
smoke_raw_check,production_like,city_season,0.9710158109664917,2.3086495399475098,20,0.9552412424828676,488.83404541015625,0.9540411064750425,0.9591076918323523,0.965629304074653,0.9486271173331271,0.9488744112069493,0.9673549732505676,0.015629304074653017,0.005241242482867614
