experiment_id,lookback_hours,horizon_hours,window_stride,hidden_sizes,dropout_rate,train_ratio,val_ratio,n_bootstrap,mc_dropout_passes,RMSE,MAE,CP,PINW,MPIW,Reliability,CWC,CRPS,n_samples,training_time_sec
config_000_smoke,24,24,1,"[64, 32]",0.3,0.74,0.11,1,10,77.56802642638668,56.12385017761946,0.6668459593100065,0.16322276954360782,170.52698660754703,0.2831540406899935,229822.6992467563,41.23373764512973,44155,161.24597692489624
config_fast_hidden_32-16,24,24,1,"[32, 16]",0.3,0.74,0.11,1,10,87.35734152663876,66.1676784741797,0.6701430566564753,0.21237079689933896,221.87438762342657,0.2798569433435246,253577.94105716242,48.40617821583722,44155,261.378289937973
config_fast_lookback_48h,48,24,1,"[64, 32]",0.3,0.74,0.11,1,10,76.95339920550691,55.21874752045648,0.6766331705840052,0.16583018269515098,173.2510814676992,0.27336682941599477,143136.15931919453,40.72523384476231,44035,653.5542931556702
config_000_smoke,24,24,1,"[64, 32]",0.3,0.74,0.11,1,10,77.56802642638668,56.12385017761946,0.6668459593100065,0.16322276954360782,170.52698660754703,0.2831540406899935,229822.6992467563,41.23373764512973,44155,162.20486044883728
